dataset,ticker,metric,country,value,value_txt,period_end,period_span,unit,created_by,inter_country_comparison,as_reported,pfea,all_topics,dimensions,categories,updated_on
CPI,CPI,YoY,IN,1.55,,2025-07-31,M,PERCENT,MacroSearchEngine,True,True,,[CPI][YoY][IN],,,
CPI,CFPI,YoY,IN,-1.76,,2025-07-31,M,PERCENT,MacroSearchEngine,True,True,,[CPI][CFPI][YoY][IN],,,
CPI,CPI,YoY,IN,-0.84,,2025-07-31,M,PERCENT,MacroSearchEngine,True,True,,[CPI][Food][YoY][IN],[Food],"{""Food"": ""ConsumptionCategory""}",
CPI,CPI,YoY,IN,-0.5946110027806384,,2025-07-31,M,PERCENT,MacroSearchEngine,True,False,,[IN][CPI][YoY][Grains],[Grains],"{""Grains"": ""ConsumptionCategory""}",
CPI,CPI,YoY,IN,-2.9125500018281087,,2025-07-31,M,PERCENT,MacroSearchEngine,True,False,,[IN][CPI][YoY][Meat],[Meat],"{""Meat"": ""ConsumptionCategory""}",
CPI,CPI,YoY,IN,4.25,,2025-07-31,M,PERCENT,MacroSearchEngine,True,False,,[CPI][Seafood][YoY][IN],[Seafood],"{""Seafood"": ""ConsumptionCategory""}",
CPI,CPI,YoY,IN,2.26,,2025-07-31,M,PERCENT,MacroSearchEngine,True,True,,[IN][CPI][YoY][Eggs],[Eggs],"{""Eggs"": ""ConsumptionCategory""}",
CPI,CPI,YoY,IN,2.74,,2025-07-31,M,PERCENT,MacroSearchEngine,True,True,,[Dairy][CPI][YoY][IN],[Dairy],"{""Dairy"": ""ConsumptionCategory""}",
CPI,CPI,YoY,IN,19.24,,2025-07-31,M,PERCENT,MacroSearchEngine,True,True,,[Edible_Oils][CPI][YoY][IN],[Edible_Oils],"{""Edible_Oils"": ""ConsumptionCategory""}",
CPI,CPI,YoY,IN,14.42,,2025-07-31,M,PERCENT,MacroSearchEngine,True,True,,[IN][CPI][YoY][Fruits],[Fruits],"{""Fruits"": ""ConsumptionCategory""}",
CPI,CPI,YoY,IN,-20.69,,2025-07-31,M,PERCENT,MacroSearchEngine,True,True,,[CPI][Vegetables][YoY][IN],[Vegetables],"{""Vegetables"": ""ConsumptionCategory""}",
CPI,CPI,YoY,IN,1.3735135266251177,,2025-07-31,M,PERCENT,MacroSearchEngine,True,False,,[CPI][Tobacco][YoY][IN],[Tobacco],"{""Tobacco"": ""ConsumptionCategory""}",
CPI,CPI,YoY,IN,3.852954236344061,,2025-07-31,M,PERCENT,MacroSearchEngine,True,False,,[CPI][Alcohol][YoY][IN],[Alcohol],"{""Alcohol"": ""ConsumptionCategory""}",
CPI,CPI,YoY,IN,2.5,,2025-07-31,M,PERCENT,MacroSearchEngine,True,True,,[CPI][Apparel][YoY][IN],[Apparel],"{""Apparel"": ""ConsumptionCategory""}",
CPI,CPI,YoY,IN,3.17,,2025-07-31,M,PERCENT,MacroSearchEngine,True,True,,[CPI][Housing][YoY][IN],[Housing],"{""Housing"": ""ConsumptionCategory""}",
CPI,CPI,YoY,IN,2.67,,2025-07-31,M,PERCENT,MacroSearchEngine,True,True,,[CPI][Energy_Household][YoY][IN],[Energy_Household],"{""Energy_Household"": ""ConsumptionCategory""}",
CPI,CPI,YoY,IN,5.01,,2025-07-31,M,PERCENT,MacroSearchEngine,False,True,,[CPI][Miscellaneous][YoY][IN],[Miscellaneous],"{""Miscellaneous"": ""ConsumptionCategory""}",
CPI,CPI,YoY,IN,4.57,,2025-07-31,M,PERCENT,MacroSearchEngine,True,True,,[CPI][Healthcare][YoY][IN],[Healthcare],"{""Healthcare"": ""ConsumptionCategory""}",
CPI,CPI,YoY,IN,4.0,,2025-07-31,M,PERCENT,MacroSearchEngine,True,True,,[CPI][Education][YoY][IN],[Education],"{""Education"": ""ConsumptionCategory""}",
CPI,CPI,YoY,IN,2.61,,2025-07-31,M,PERCENT,MacroSearchEngine,True,True,,[CPI][Household_Goods_And_Services][YoY][IN],[Household_Goods_And_Services],"{""Household_Goods_And_Services"": ""ConsumptionCategory""}",
CPI,CPI,YoY,IN,2.8047978384303462,,2025-07-31,M,PERCENT,MacroSearchEngine,True,False,,[CPI][Transport Services][YoY][IN],[Transport Services],"{""Transport Services"": ""ConsumptionCategory""}",
CPI,CPI,YoY,IN,3.5765669216359726,,2025-07-31,M,PERCENT,MacroSearchEngine,True,False,,[CPI][Transport Equipment][YoY][IN],[Transport Equipment],"{""Transport Equipment"": ""ConsumptionCategory""}",
CPI,CPI,YoY,IN,0.21292060408642044,,2025-07-31,M,PERCENT,MacroSearchEngine,True,False,,[Energy_Transport][CPI][YoY][IN],[Energy_Transport],"{""Energy_Transport"": ""ConsumptionCategory""}",
CPI,CPI,YoY,IN,1.809140229244008,,2025-07-31,M,PERCENT,MacroSearchEngine,True,False,,[CPI][Communication Services][YoY][IN],[Communication Services],"{""Communication Services"": ""ConsumptionCategory""}",
CPI,CPI,YoY,IN,0.1600000000000108,,2025-07-31,M,PERCENT,MacroSearchEngine,True,False,,[IN][CPI][YoY][Communication Equipment],[Communication Equipment],"{""Communication Equipment"": ""ConsumptionCategory""}",
CPI,CPI,YoY,IN,15.12,,2025-07-31,M,PERCENT,MacroSearchEngine,True,True,,[CPI][Personal_Care][YoY][IN],[Personal_Care],"{""Personal_Care"": ""ConsumptionCategory""}",
CPI,CPI,YoY,IN,2.38,,2025-07-31,M,PERCENT,MacroSearchEngine,False,True,,[CPI][Leisure][YoY][IN],[Leisure],"{""Leisure"": ""ConsumptionCategory""}",
CPI,CPI,YoY,IN,1.13,,2025-07-31,M,PERCENT,MacroSearchEngine,False,True,,"[Air Conditioner, Air Cooler][CPI][YoY][IN]","[Air Conditioner, Air Cooler]","{""Air Conditioner, Air Cooler"": ""ConsumptionItem""}",2025-08-12
CPI,CPI,YoY,IN,3.16,,2025-07-31,M,PERCENT,MacroSearchEngine,False,True,,[Air Fare (normal): Economy Class(adult)][CPI][YoY][IN],[Air Fare (normal): Economy Class(adult)],"{""Air Fare (normal): Economy Class(adult)"": ""ConsumptionItem""}",2025-08-12
CPI,CPI,YoY,IN,1.64,,2025-07-31,M,PERCENT,MacroSearchEngine,False,True,,"[CPI][Almirah, Dressing Table][YoY][IN]","[Almirah, Dressing Table]","{""Almirah, Dressing Table"": ""ConsumptionItem""}",2025-08-12
CPI,CPI,YoY,IN,1.25,,2025-07-31,M,PERCENT,MacroSearchEngine,False,True,,[CPI][Any Other Personal Goods][YoY][IN],[Any Other Personal Goods],"{""Any Other Personal Goods"": ""ConsumptionItem""}",2025-08-12
CPI,CPI,YoY,IN,19.41,,2025-07-31,M,PERCENT,MacroSearchEngine,False,True,,[CPI][Apple][YoY][IN],[Apple],"{""Apple"": ""ConsumptionItem""}",2025-08-12
CPI,CPI,YoY,IN,-28.03,,2025-07-31,M,PERCENT,MacroSearchEngine,False,True,,"[CPI][Arhar, Tur][YoY][IN]","[Arhar, Tur]","{""Arhar, Tur"": ""ConsumptionItem""}",2025-08-12
CPI,CPI,YoY,IN,3.56,,2025-07-31,M,PERCENT,MacroSearchEngine,False,True,,[CPI][Baby Food][YoY][IN],[Baby Food],"{""Baby Food"": ""ConsumptionItem""}",2025-08-12
CPI,CPI,YoY,IN,5.1,,2025-07-31,M,PERCENT,MacroSearchEngine,False,True,,[CPI][Bajra & its Products][YoY][IN],[Bajra & its Products],"{""Bajra & its Products"": ""ConsumptionItem""}",2025-08-12
CPI,CPI,YoY,IN,8.46,,2025-07-31,M,PERCENT,MacroSearchEngine,False,True,,[CPI][Banana (no.)][YoY][IN],[Banana (no.)],"{""Banana (no.)"": ""ConsumptionItem""}",2025-08-12
CPI,CPI,YoY,IN,1.51,,2025-07-31,M,PERCENT,MacroSearchEngine,False,True,,"[Baniyan, Socks, Other Hosiery and Undergarments, Etc.(no.)][CPI][YoY][IN]","[Baniyan, Socks, Other Hosiery and Undergarments, Etc.(no.)]","{""Baniyan, Socks, Other Hosiery and Undergarments, Etc.(no.)"": ""ConsumptionItem""}",2025-08-12
CPI,CPI,YoY,IN,5.04,,2025-07-31,M,PERCENT,MacroSearchEngine,False,True,,"[Barber, Beautician, etc.][CPI][YoY][IN]","[Barber, Beautician, etc.]","{""Barber, Beautician, etc."": ""ConsumptionItem""}",2025-08-12
CPI,CPI,YoY,IN,2.84,,2025-07-31,M,PERCENT,MacroSearchEngine,False,True,,[IN][CPI][YoY][Bathroom and Sanitary Equipment],[Bathroom and Sanitary Equipment],"{""Bathroom and Sanitary Equipment"": ""ConsumptionItem""}",2025-08-12
CPI,CPI,YoY,IN,-5.68,,2025-07-31,M,PERCENT,MacroSearchEngine,False,True,,"[IN][CPI][YoY][Beans, Barbati]","[Beans, Barbati]","{""Beans, Barbati"": ""ConsumptionItem""}",2025-08-12
CPI,CPI,YoY,IN,1.33,,2025-07-31,M,PERCENT,MacroSearchEngine,False,True,,[Bedding: Others][CPI][YoY][IN],[Bedding: Others],"{""Bedding: Others"": ""ConsumptionItem""}",2025-08-12
CPI,CPI,YoY,IN,2.53,,2025-07-31,M,PERCENT,MacroSearchEngine,False,True,,"[IN][CPI][YoY][Bed Sheet, Bed Cover (no.)]","[Bed Sheet, Bed Cover (no.)]","{""Bed Sheet, Bed Cover (no.)"": ""ConsumptionItem""}",2025-08-12
CPI,CPI,YoY,IN,3.64,,2025-07-31,M,PERCENT,MacroSearchEngine,False,True,,[CPI][Bedstead][YoY][IN],[Bedstead],"{""Bedstead"": ""ConsumptionItem""}",2025-08-12
CPI,CPI,YoY,IN,4.87,,2025-07-31,M,PERCENT,MacroSearchEngine,False,True,,[CPI][Beef/ Buffalo Meat][YoY][IN],[Beef/ Buffalo Meat],"{""Beef/ Buffalo Meat"": ""ConsumptionItem""}",2025-08-12
CPI,CPI,YoY,IN,6.35,,2025-07-31,M,PERCENT,MacroSearchEngine,False,True,,[CPI][Beer (litre)][YoY][IN],[Beer (litre)],"{""Beer (litre)"": ""ConsumptionItem""}",2025-08-12
CPI,CPI,YoY,IN,1.67,,2025-07-31,M,PERCENT,MacroSearchEngine,False,True,,[CPI][Besan][YoY][IN],[Besan],"{""Besan"": ""ConsumptionItem""}",2025-08-12
CPI,CPI,YoY,IN,1.34,,2025-07-31,M,PERCENT,MacroSearchEngine,False,True,,[CPI][Bicycle(without Accessories)][YoY][IN],[Bicycle(without Accessories)],"{""Bicycle(without Accessories)"": ""ConsumptionItem""}",2025-08-12
CPI,CPI,YoY,IN,2.92,,2025-07-31,M,PERCENT,MacroSearchEngine,False,True,,[IN][CPI][YoY][Bidi (no.)],[Bidi (no.)],"{""Bidi (no.)"": ""ConsumptionItem""}",2025-08-12
CPI,CPI,YoY,IN,4.54,,2025-07-31,M,PERCENT,MacroSearchEngine,False,True,,"[CPI][Biscuits, Chocolates, etc.][YoY][IN]","[Biscuits, Chocolates, etc.]","{""Biscuits, Chocolates, etc."": ""ConsumptionItem""}",2025-08-12
CPI,CPI,YoY,IN,9.05,,2025-07-31,M,PERCENT,MacroSearchEngine,False,True,,[IN][CPI][YoY][Black Pepper (gm)],[Black Pepper (gm)],"{""Black Pepper (gm)"": ""ConsumptionItem""}",2025-08-12
CPI,CPI,YoY,IN,1.68,,2025-07-31,M,PERCENT,MacroSearchEngine,False,True,,"[CPI][Books, Journals: First Hand][YoY][IN]","[Books, Journals: First Hand]","{""Books, Journals: First Hand"": ""ConsumptionItem""}",2025-08-12
CPI,CPI,YoY,IN,5.58,,2025-07-31,M,PERCENT,MacroSearchEngine,False,True,,[IN][CPI][YoY][Bread (bakery)],[Bread (bakery)],"{""Bread (bakery)"": ""ConsumptionItem""}",2025-08-12
CPI,CPI,YoY,IN,1.68,,2025-07-31,M,PERCENT,MacroSearchEngine,False,True,,[CPI][Brinjal][YoY][IN],[Brinjal],"{""Brinjal"": ""ConsumptionItem""}",2025-08-12
CPI,CPI,YoY,IN,2.4,,2025-07-31,M,PERCENT,MacroSearchEngine,False,True,,"[CPI][Bucket, Water Bottle/ Feeding Bottle & Other Plastic Goods][YoY][IN]","[Bucket, Water Bottle/ Feeding Bottle & Other Plastic Goods]","{""Bucket, Water Bottle/ Feeding Bottle & Other Plastic Goods"": ""ConsumptionItem""}",2025-08-12
CPI,CPI,YoY,IN,3.19,,2025-07-31,M,PERCENT,MacroSearchEngine,False,True,,[CPI][Bus/tram Fare][YoY][IN],[Bus/tram Fare],"{""Bus/tram Fare"": ""ConsumptionItem""}",2025-08-12
CPI,CPI,YoY,IN,5.7,,2025-07-31,M,PERCENT,MacroSearchEngine,False,True,,[CPI][Butter][YoY][IN],[Butter],"{""Butter"": ""ConsumptionItem""}",2025-08-12
CPI,CPI,YoY,IN,-16.57,,2025-07-31,M,PERCENT,MacroSearchEngine,False,True,,[IN][CPI][YoY][Cabbage],[Cabbage],"{""Cabbage"": ""ConsumptionItem""}",2025-08-12
CPI,CPI,YoY,IN,1.94,,2025-07-31,M,PERCENT,MacroSearchEngine,False,True,,[IN][CPI][YoY][Candle (no.)],[Candle (no.)],"{""Candle (no.)"": ""ConsumptionItem""}",2025-08-12
CPI,CPI,YoY,IN,1.41,,2025-07-31,M,PERCENT,MacroSearchEngine,False,True,,"[CPI][Candy, Misri][YoY][IN]","[Candy, Misri]","{""Candy, Misri"": ""ConsumptionItem""}",2025-08-12
CPI,CPI,YoY,IN,16.76,,2025-07-31,M,PERCENT,MacroSearchEngine,False,True,,"[IN][CPI][YoY][Carpet, Daree & Other Floor Mattings]","[Carpet, Daree & Other Floor Mattings]","{""Carpet, Daree & Other Floor Mattings"": ""ConsumptionItem""}",2025-08-12
CPI,CPI,YoY,IN,-7.41,,2025-07-31,M,PERCENT,MacroSearchEngine,False,True,,[CPI][Carrot][YoY][IN],[Carrot],"{""Carrot"": ""ConsumptionItem""}",2025-08-12
CPI,CPI,YoY,IN,13.62,,2025-07-31,M,PERCENT,MacroSearchEngine,False,True,,[Cashewnut][CPI][YoY][IN],[Cashewnut],"{""Cashewnut"": ""ConsumptionItem""}",2025-08-12
CPI,CPI,YoY,IN,3.85,,2025-07-31,M,PERCENT,MacroSearchEngine,False,True,,[Cauliflower][CPI][YoY][IN],[Cauliflower],"{""Cauliflower"": ""ConsumptionItem""}",2025-08-12
CPI,CPI,YoY,IN,-4.2,,2025-07-31,M,PERCENT,MacroSearchEngine,False,True,,"[CPI][CD, DVD, Audio/video Cassette, etc][YoY][IN]","[CD, DVD, Audio/video Cassette, etc]","{""CD, DVD, Audio/video Cassette, etc"": ""ConsumptionItem""}",2025-08-12
CPI,CPI,YoY,IN,-8.76,,2025-07-31,M,PERCENT,MacroSearchEngine,False,True,,"[CPI][Cereal Substitutes: Tapioca, etc.][YoY][IN]","[Cereal Substitutes: Tapioca, etc.]","{""Cereal Substitutes: Tapioca, etc."": ""ConsumptionItem""}",2025-08-12
CPI,CPI,YoY,IN,2.13,,2025-07-31,M,PERCENT,MacroSearchEngine,False,True,,"[Chair, Stool, Bench, Table][CPI][YoY][IN]","[Chair, Stool, Bench, Table]","{""Chair, Stool, Bench, Table"": ""ConsumptionItem""}",2025-08-12
CPI,CPI,YoY,IN,2.38,,2025-07-31,M,PERCENT,MacroSearchEngine,False,True,,[CPI][Charcoal][YoY][IN],[Charcoal],"{""Charcoal"": ""ConsumptionItem""}",2025-08-12
CPI,CPI,YoY,IN,9.06,,2025-07-31,M,PERCENT,MacroSearchEngine,False,True,,[CPI][Cheroot (no.)][YoY][IN],[Cheroot (no.)],"{""Cheroot (no.)"": ""ConsumptionItem""}",2025-08-12
CPI,CPI,YoY,IN,-9.52,,2025-07-31,M,PERCENT,MacroSearchEngine,False,True,,[Chicken][CPI][YoY][IN],[Chicken],"{""Chicken"": ""ConsumptionItem""}",2025-08-12
CPI,CPI,YoY,IN,17.7,,2025-07-31,M,PERCENT,MacroSearchEngine,False,True,,[IN][CPI][YoY][Chips (gm)],[Chips (gm)],"{""Chips (gm)"": ""ConsumptionItem""}",2025-08-12
CPI,CPI,YoY,IN,5.14,,2025-07-31,M,PERCENT,MacroSearchEngine,False,True,,[CPI][Chira][YoY][IN],[Chira],"{""Chira"": ""ConsumptionItem""}",2025-08-12
CPI,CPI,YoY,IN,-3.61,,2025-07-31,M,PERCENT,MacroSearchEngine,False,True,,[CPI][Cigarettes (no.)][YoY][IN],[Cigarettes (no.)],"{""Cigarettes (no.)"": ""ConsumptionItem""}",2025-08-12
CPI,CPI,YoY,IN,4.64,,2025-07-31,M,PERCENT,MacroSearchEngine,False,True,,[IN][CPI][YoY][Cinema: New Release(normal Day)],[Cinema: New Release(normal Day)],"{""Cinema: New Release(normal Day)"": ""ConsumptionItem""}",2025-08-12
CPI,CPI,YoY,IN,4.12,,2025-07-31,M,PERCENT,MacroSearchEngine,False,True,,"[CPI][Clock, Watch][YoY][IN]","[Clock, Watch]","{""Clock, Watch"": ""ConsumptionItem""}",2025-08-12
CPI,CPI,YoY,IN,2.74,,2025-07-31,M,PERCENT,MacroSearchEngine,False,True,,"[Cloth for Coat, Trousers, Suit, etc. (metre)][CPI][YoY][IN]","[Cloth for Coat, Trousers, Suit, etc. (metre)]","{""Cloth for Coat, Trousers, Suit, etc. (metre)"": ""ConsumptionItem""}",2025-08-12
CPI,CPI,YoY,IN,2.88,,2025-07-31,M,PERCENT,MacroSearchEngine,False,True,,"[Cloth for Shirt, Pyjama, Kurta, Salwar, etc. (metre)][CPI][YoY][IN]","[Cloth for Shirt, Pyjama, Kurta, Salwar, etc. (metre)]","{""Cloth for Shirt, Pyjama, Kurta, Salwar, etc. (metre)"": ""ConsumptionItem""}",2025-08-12
CPI,CPI,YoY,IN,3.41,,2025-07-31,M,PERCENT,MacroSearchEngine,False,True,,"[CPI][Cloth for Upholstery, Curtains, Tablecloth, etc. (metre)][YoY][IN]","[Cloth for Upholstery, Curtains, Tablecloth, etc. (metre)]","{""Cloth for Upholstery, Curtains, Tablecloth, etc. (metre)"": ""ConsumptionItem""}",2025-08-12
CPI,CPI,YoY,IN,1.57,,2025-07-31,M,PERCENT,MacroSearchEngine,False,True,,[CPI][Clothing (first-hand): Other][YoY][IN],[Clothing (first-hand): Other],"{""Clothing (first-hand): Other"": ""ConsumptionItem""}",2025-08-12
CPI,CPI,YoY,IN,4.51,,2025-07-31,M,PERCENT,MacroSearchEngine,False,True,,[Clothing: Second-hand][CPI][YoY][IN],[Clothing: Second-hand],"{""Clothing: Second-hand"": ""ConsumptionItem""}",2025-08-12
CPI,CPI,YoY,IN,2.27,,2025-07-31,M,PERCENT,MacroSearchEngine,False,True,,[CPI][Club Fees][YoY][IN],[Club Fees],"{""Club Fees"": ""ConsumptionItem""}",2025-08-12
CPI,CPI,YoY,IN,2.62,,2025-07-31,M,PERCENT,MacroSearchEngine,False,True,,[Coal][CPI][YoY][IN],[Coal],"{""Coal"": ""ConsumptionItem""}",2025-08-12
CPI,CPI,YoY,IN,1.96,,2025-07-31,M,PERCENT,MacroSearchEngine,False,True,,"[CPI][Coat, Jacket, Sweater, Windcheater (no.)][YoY][IN]","[Coat, Jacket, Sweater, Windcheater (no.)]","{""Coat, Jacket, Sweater, Windcheater (no.)"": ""ConsumptionItem""}",2025-08-12
CPI,CPI,YoY,IN,60.75,,2025-07-31,M,PERCENT,MacroSearchEngine,False,True,,[IN][CPI][YoY][Coconut: Copra],[Coconut: Copra],"{""Coconut: Copra"": ""ConsumptionItem""}",2025-08-12
CPI,CPI,YoY,IN,59.26,,2025-07-31,M,PERCENT,MacroSearchEngine,False,True,,[CPI][Coconut (no.)][YoY][IN],[Coconut (no.)],"{""Coconut (no.)"": ""ConsumptionItem""}",2025-08-12
CPI,CPI,YoY,IN,131.77,,2025-07-31,M,PERCENT,MacroSearchEngine,False,True,,[CPI][Coconut Oil][YoY][IN],[Coconut Oil],"{""Coconut Oil"": ""ConsumptionItem""}",2025-08-12
CPI,CPI,YoY,IN,6.63,,2025-07-31,M,PERCENT,MacroSearchEngine,False,True,,[IN][CPI][YoY][Coffee: Cups (no.)],[Coffee: Cups (no.)],"{""Coffee: Cups (no.)"": ""ConsumptionItem""}",2025-08-12
CPI,CPI,YoY,IN,24.81,,2025-07-31,M,PERCENT,MacroSearchEngine,False,True,,[CPI][Coffee: Powder (gm)][YoY][IN],[Coffee: Powder (gm)],"{""Coffee: Powder (gm)"": ""ConsumptionItem""}",2025-08-12
CPI,CPI,YoY,IN,5.28,,2025-07-31,M,PERCENT,MacroSearchEngine,False,True,,"[CPI][Coir, Rope, etc.][YoY][IN]","[Coir, Rope, etc.]","{""Coir, Rope, etc."": ""ConsumptionItem""}",2025-08-12
CPI,CPI,YoY,IN,2.96,,2025-07-31,M,PERCENT,MacroSearchEngine,False,True,,[CPI][Coke][YoY][IN],[Coke],"{""Coke"": ""ConsumptionItem""}",2025-08-12
CPI,CPI,YoY,IN,0.93,,2025-07-31,M,PERCENT,MacroSearchEngine,False,True,,[CPI][Cold Beverages: Bottled/canned (litre)][YoY][IN],[Cold Beverages: Bottled/canned (litre)],"{""Cold Beverages: Bottled/canned (litre)"": ""ConsumptionItem""}",2025-08-12
CPI,CPI,YoY,IN,5.16,,2025-07-31,M,PERCENT,MacroSearchEngine,False,True,,[IN][CPI][YoY][Cooked Meals Purchased (no.)],[Cooked Meals Purchased (no.)],"{""Cooked Meals Purchased (no.)"": ""ConsumptionItem""}",2025-08-12
CPI,CPI,YoY,IN,4.42,,2025-07-31,M,PERCENT,MacroSearchEngine,False,True,,"[CPI][Cooked Snacks Purchased [samosa, Puri, Paratha, Burger, Chowmein, Idli, Dosa, Vada, Chops, Pakoras, Pao Bhaji, Etc.]][YoY][IN]","[Cooked Snacks Purchased [samosa, Puri, Paratha, Burger, Chowmein, Idli, Dosa, Vada, Chops, Pakoras, Pao Bhaji, Etc.]]","{""Cooked Snacks Purchased [samosa, Puri, Paratha, Burger, Chowmein, Idli, Dosa, Vada, Chops, Pakoras, Pao Bhaji, Etc.]"": ""ConsumptionItem""}",2025-08-12
CPI,CPI,YoY,IN,4.65,,2025-07-31,M,PERCENT,MacroSearchEngine,False,True,,[CPI][Country Liquor (litre)][YoY][IN],[Country Liquor (litre)],"{""Country Liquor (litre)"": ""ConsumptionItem""}",2025-08-12
CPI,CPI,YoY,IN,2.23,,2025-07-31,M,PERCENT,MacroSearchEngine,False,True,,[CPI][Curd][YoY][IN],[Curd],"{""Curd"": ""ConsumptionItem""}",2025-08-12
CPI,CPI,YoY,IN,2.68,,2025-07-31,M,PERCENT,MacroSearchEngine,False,True,,[CPI][Curry Powder (gm)][YoY][IN],[Curry Powder (gm)],"{""Curry Powder (gm)"": ""ConsumptionItem""}",2025-08-12
CPI,CPI,YoY,IN,3.98,,2025-07-31,M,PERCENT,MacroSearchEngine,False,True,,[CPI][Dates][YoY][IN],[Dates],"{""Dates"": ""ConsumptionItem""}",2025-08-12
CPI,CPI,YoY,IN,-0.43,,2025-07-31,M,PERCENT,MacroSearchEngine,False,True,,[IN][CPI][YoY][Dhania (gm)],[Dhania (gm)],"{""Dhania (gm)"": ""ConsumptionItem""}",2025-08-12
CPI,CPI,YoY,IN,1.43,,2025-07-31,M,PERCENT,MacroSearchEngine,False,True,,[CPI][Dhoti (no.)][YoY][IN],[Dhoti (no.)],"{""Dhoti (no.)"": ""ConsumptionItem""}",2025-08-12
CPI,CPI,YoY,IN,0.16,,2025-07-31,M,PERCENT,MacroSearchEngine,False,True,,[CPI][Diesel for Vehicle][YoY][IN],[Diesel for Vehicle],"{""Diesel for Vehicle"": ""ConsumptionItem""}",2025-08-12
CPI,CPI,YoY,IN,0.06,,2025-07-31,M,PERCENT,MacroSearchEngine,False,True,,[CPI][Diesel (litre) [excl. Conveyance]][YoY][IN],[Diesel (litre) [excl. Conveyance]],"{""Diesel (litre) [excl. Conveyance]"": ""ConsumptionItem""}",2025-08-12
CPI,CPI,YoY,IN,3.94,,2025-07-31,M,PERCENT,MacroSearchEngine,False,True,,[CPI][Doctor’s/ Surgeon’s Fee-first Consultation (non-institutional)][YoY][IN],[Doctor’s/ Surgeon’s Fee-first Consultation (non-institutional)],"{""Doctor’s/ Surgeon’s Fee-first Consultation (non-institutional)"": ""ConsumptionItem""}",2025-08-12
CPI,CPI,YoY,IN,4.45,,2025-07-31,M,PERCENT,MacroSearchEngine,False,True,,[CPI][Domestic Servant/cook][YoY][IN],[Domestic Servant/cook],"{""Domestic Servant/cook"": ""ConsumptionItem""}",2025-08-12
CPI,CPI,YoY,IN,-11.95,,2025-07-31,M,PERCENT,MacroSearchEngine,False,True,,[IN][CPI][YoY][Dry Chillies (gm)],[Dry Chillies (gm)],"{""Dry Chillies (gm)"": ""ConsumptionItem""}",2025-08-12
CPI,CPI,YoY,IN,1.19,,2025-07-31,M,PERCENT,MacroSearchEngine,False,True,,[CPI][Dung Cake][YoY][IN],[Dung Cake],"{""Dung Cake"": ""ConsumptionItem""}",2025-08-12
CPI,CPI,YoY,IN,4.96,,2025-07-31,M,PERCENT,MacroSearchEngine,False,True,,[CPI][Earthenware][YoY][IN],[Earthenware],"{""Earthenware"": ""ConsumptionItem""}",2025-08-12
CPI,CPI,YoY,IN,2.26,,2025-07-31,M,PERCENT,MacroSearchEngine,False,True,,[CPI][Eggs (no.)][YoY][IN],[Eggs (no.)],"{""Eggs (no.)"": ""ConsumptionItem""}",2025-08-12
CPI,CPI,YoY,IN,1.91,,2025-07-31,M,PERCENT,MacroSearchEngine,False,True,,[CPI][Electric Batteries][YoY][IN],[Electric Batteries],"{""Electric Batteries"": ""ConsumptionItem""}",2025-08-12
CPI,CPI,YoY,IN,1.53,,2025-07-31,M,PERCENT,MacroSearchEngine,False,True,,"[CPI][Electric Bulb, Tubelight][YoY][IN]","[Electric Bulb, Tubelight]","{""Electric Bulb, Tubelight"": ""ConsumptionItem""}",2025-08-12
CPI,CPI,YoY,IN,1.04,,2025-07-31,M,PERCENT,MacroSearchEngine,False,True,,[CPI][Electric Fan][YoY][IN],[Electric Fan],"{""Electric Fan"": ""ConsumptionItem""}",2025-08-12
CPI,CPI,YoY,IN,14.36,,2025-07-31,M,PERCENT,MacroSearchEngine,False,True,,"[IN][CPI][YoY][Electric Iron, Heater, Toaster, Oven & Other Electric Heating Appliances]","[Electric Iron, Heater, Toaster, Oven & Other Electric Heating Appliances]","{""Electric Iron, Heater, Toaster, Oven & Other Electric Heating Appliances"": ""ConsumptionItem""}",2025-08-12
CPI,CPI,YoY,IN,2.28,,2025-07-31,M,PERCENT,MacroSearchEngine,False,True,,[CPI][Electricity (std. Unit)][YoY][IN],[Electricity (std. Unit)],"{""Electricity (std. Unit)"": ""ConsumptionItem""}",2025-08-12
CPI,CPI,YoY,IN,0.69,,2025-07-31,M,PERCENT,MacroSearchEngine,False,True,,[CPI][Family Planning Devices][YoY][IN],[Family Planning Devices],"{""Family Planning Devices"": ""ConsumptionItem""}",2025-08-12
CPI,CPI,YoY,IN,2.43,,2025-07-31,M,PERCENT,MacroSearchEngine,False,True,,[CPI][Firewood and Chips][YoY][IN],[Firewood and Chips],"{""Firewood and Chips"": ""ConsumptionItem""}",2025-08-12
CPI,CPI,YoY,IN,4.25,,2025-07-31,M,PERCENT,MacroSearchEngine,False,True,,"[Fish, Prawn][CPI][YoY][IN]","[Fish, Prawn]","{""Fish, Prawn"": ""ConsumptionItem""}",2025-08-12
CPI,CPI,YoY,IN,5.18,,2025-07-31,M,PERCENT,MacroSearchEngine,False,True,,[Flower (fresh): All Purposes][CPI][YoY][IN],[Flower (fresh): All Purposes],"{""Flower (fresh): All Purposes"": ""ConsumptionItem""}",2025-08-12
CPI,CPI,YoY,IN,3.49,,2025-07-31,M,PERCENT,MacroSearchEngine,False,True,,[Foreign/refined Liquor or Wine (litre)][CPI][YoY][IN],[Foreign/refined Liquor or Wine (litre)],"{""Foreign/refined Liquor or Wine (litre)"": ""ConsumptionItem""}",2025-08-12
CPI,CPI,YoY,IN,2.64,,2025-07-31,M,PERCENT,MacroSearchEngine,False,True,,"[CPI][Frocks, Skirts, etc. (no.)][YoY][IN]","[Frocks, Skirts, etc. (no.)]","{""Frocks, Skirts, etc. (no.)"": ""ConsumptionItem""}",2025-08-12
CPI,CPI,YoY,IN,3.09,,2025-07-31,M,PERCENT,MacroSearchEngine,False,True,,[CPI][Fruit Juice and Shake (litre)][YoY][IN],[Fruit Juice and Shake (litre)],"{""Fruit Juice and Shake (litre)"": ""ConsumptionItem""}",2025-08-12
CPI,CPI,YoY,IN,1.53,,2025-07-31,M,PERCENT,MacroSearchEngine,False,True,,"[Gamchha, Towel, Handkerchief (no.)][CPI][YoY][IN]","[Gamchha, Towel, Handkerchief (no.)]","{""Gamchha, Towel, Handkerchief (no.)"": ""ConsumptionItem""}",2025-08-12
CPI,CPI,YoY,IN,-38.7,,2025-07-31,M,PERCENT,MacroSearchEngine,False,True,,[CPI][Garlic (gm)][YoY][IN],[Garlic (gm)],"{""Garlic (gm)"": ""ConsumptionItem""}",2025-08-12
CPI,CPI,YoY,IN,3.53,,2025-07-31,M,PERCENT,MacroSearchEngine,False,True,,[IN][CPI][YoY][Ghee],[Ghee],"{""Ghee"": ""ConsumptionItem""}",2025-08-12
CPI,CPI,YoY,IN,-49.79,,2025-07-31,M,PERCENT,MacroSearchEngine,False,True,,[Ginger (gm)][CPI][YoY][IN],[Ginger (gm)],"{""Ginger (gm)"": ""ConsumptionItem""}",2025-08-12
CPI,CPI,YoY,IN,6.53,,2025-07-31,M,PERCENT,MacroSearchEngine,False,True,,[IN][CPI][YoY][Glassware],[Glassware],"{""Glassware"": ""ConsumptionItem""}",2025-08-12
CPI,CPI,YoY,IN,3.89,,2025-07-31,M,PERCENT,MacroSearchEngine,False,True,,[CPI][Goat Meat/mutton][YoY][IN],[Goat Meat/mutton],"{""Goat Meat/mutton"": ""ConsumptionItem""}",2025-08-12
CPI,CPI,YoY,IN,36.0,,2025-07-31,M,PERCENT,MacroSearchEngine,False,True,,[Gold][CPI][YoY][IN],[Gold],"{""Gold"": ""ConsumptionItem""}",2025-08-12
CPI,CPI,YoY,IN,14.14,,2025-07-31,M,PERCENT,MacroSearchEngine,False,True,,[Goods for Recreation and Hobbies][CPI][YoY][IN],[Goods for Recreation and Hobbies],"{""Goods for Recreation and Hobbies"": ""ConsumptionItem""}",2025-08-12
CPI,CPI,YoY,IN,-9.7,,2025-07-31,M,PERCENT,MacroSearchEngine,False,True,,"[Gourd, Pumpkin][CPI][YoY][IN]","[Gourd, Pumpkin]","{""Gourd, Pumpkin"": ""ConsumptionItem""}",2025-08-12
CPI,CPI,YoY,IN,1.44,,2025-07-31,M,PERCENT,MacroSearchEngine,False,True,,[IN][CPI][YoY][Gram Products],[Gram Products],"{""Gram Products"": ""ConsumptionItem""}",2025-08-12
CPI,CPI,YoY,IN,-2.41,,2025-07-31,M,PERCENT,MacroSearchEngine,False,True,,[CPI][Gram: Split][YoY][IN],[Gram: Split],"{""Gram: Split"": ""ConsumptionItem""}",2025-08-12
CPI,CPI,YoY,IN,-1.77,,2025-07-31,M,PERCENT,MacroSearchEngine,False,True,,[Gram: Whole][CPI][YoY][IN],[Gram: Whole],"{""Gram: Whole"": ""ConsumptionItem""}",2025-08-12
CPI,CPI,YoY,IN,11.27,,2025-07-31,M,PERCENT,MacroSearchEngine,False,True,,[Grapes][CPI][YoY][IN],[Grapes],"{""Grapes"": ""ConsumptionItem""}",2025-08-12
CPI,CPI,YoY,IN,-7.53,,2025-07-31,M,PERCENT,MacroSearchEngine,False,True,,[IN][CPI][YoY][Green Chillies],[Green Chillies],"{""Green Chillies"": ""ConsumptionItem""}",2025-08-12
CPI,CPI,YoY,IN,16.04,,2025-07-31,M,PERCENT,MacroSearchEngine,False,True,,[CPI][Green Coconut (no.)][YoY][IN],[Green Coconut (no.)],"{""Green Coconut (no.)"": ""ConsumptionItem""}",2025-08-12
CPI,CPI,YoY,IN,3.34,,2025-07-31,M,PERCENT,MacroSearchEngine,False,True,,[CPI][Grinding Charges][YoY][IN],[Grinding Charges],"{""Grinding Charges"": ""ConsumptionItem""}",2025-08-12
CPI,CPI,YoY,IN,-4.03,,2025-07-31,M,PERCENT,MacroSearchEngine,False,True,,[CPI][Groundnut][YoY][IN],[Groundnut],"{""Groundnut"": ""ConsumptionItem""}",2025-08-12
CPI,CPI,YoY,IN,-2.18,,2025-07-31,M,PERCENT,MacroSearchEngine,False,True,,[Groundnut Oil][CPI][YoY][IN],[Groundnut Oil],"{""Groundnut Oil"": ""ConsumptionItem""}",2025-08-12
CPI,CPI,YoY,IN,11.05,,2025-07-31,M,PERCENT,MacroSearchEngine,False,True,,[CPI][Guava][YoY][IN],[Guava],"{""Guava"": ""ConsumptionItem""}",2025-08-12
CPI,CPI,YoY,IN,3.09,,2025-07-31,M,PERCENT,MacroSearchEngine,False,True,,[CPI][Gur][YoY][IN],[Gur],"{""Gur"": ""ConsumptionItem""}",2025-08-12
CPI,CPI,YoY,IN,4.71,,2025-07-31,M,PERCENT,MacroSearchEngine,False,True,,"[CPI][Hair Oil, Shampoo, Hair Cream][YoY][IN]","[Hair Oil, Shampoo, Hair Cream]","{""Hair Oil, Shampoo, Hair Cream"": ""ConsumptionItem""}",2025-08-12
CPI,CPI,YoY,IN,-5.51,,2025-07-31,M,PERCENT,MacroSearchEngine,False,True,,"[IN][CPI][YoY][Headwear, Belts, Ties (no.)]","[Headwear, Belts, Ties (no.)]","{""Headwear, Belts, Ties (no.)"": ""ConsumptionItem""}",2025-08-12
CPI,CPI,YoY,IN,2.76,,2025-07-31,M,PERCENT,MacroSearchEngine,False,True,,[Honey][CPI][YoY][IN],[Honey],"{""Honey"": ""ConsumptionItem""}",2025-08-12
CPI,CPI,YoY,IN,2.58,,2025-07-31,M,PERCENT,MacroSearchEngine,False,True,,[CPI][Hookah Tobacco (gm)][YoY][IN],[Hookah Tobacco (gm)],"{""Hookah Tobacco (gm)"": ""ConsumptionItem""}",2025-08-12
CPI,CPI,YoY,IN,6.59,,2025-07-31,M,PERCENT,MacroSearchEngine,False,True,,[CPI][Hospital & Nursing Home Charges][YoY][IN],[Hospital & Nursing Home Charges],"{""Hospital & Nursing Home Charges"": ""ConsumptionItem""}",2025-08-12
CPI,CPI,YoY,IN,1.66,,2025-07-31,M,PERCENT,MacroSearchEngine,False,True,,[CPI][Hotel Lodging Charges][YoY][IN],[Hotel Lodging Charges],"{""Hotel Lodging Charges"": ""ConsumptionItem""}",2025-08-12
CPI,CPI,YoY,IN,3.01,,2025-07-31,M,PERCENT,MacroSearchEngine,False,True,,"[CPI][House Rent, Garage Rent][YoY][IN]","[House Rent, Garage Rent]","{""House Rent, Garage Rent"": ""ConsumptionItem""}",2025-08-12
CPI,CPI,YoY,IN,2.65,,2025-07-31,M,PERCENT,MacroSearchEngine,False,True,,[Ice-cream][CPI][YoY][IN],[Ice-cream],"{""Ice-cream"": ""ConsumptionItem""}",2025-08-12
CPI,CPI,YoY,IN,1.45,,2025-07-31,M,PERCENT,MacroSearchEngine,False,True,,"[CPI][Incense (agarbatti), Room Freshener][YoY][IN]","[Incense (agarbatti), Room Freshener]","{""Incense (agarbatti), Room Freshener"": ""ConsumptionItem""}",2025-08-12
CPI,CPI,YoY,IN,1.72,,2025-07-31,M,PERCENT,MacroSearchEngine,False,True,,[CPI][Ingredients for Pan (gm)][YoY][IN],[Ingredients for Pan (gm)],"{""Ingredients for Pan (gm)"": ""ConsumptionItem""}",2025-08-12
CPI,CPI,YoY,IN,2.36,,2025-07-31,M,PERCENT,MacroSearchEngine,False,True,,[IN][CPI][YoY][Internet Expenses],[Internet Expenses],"{""Internet Expenses"": ""ConsumptionItem""}",2025-08-12
CPI,CPI,YoY,IN,2.7,,2025-07-31,M,PERCENT,MacroSearchEngine,False,True,,[CPI][Inverter][YoY][IN],[Inverter],"{""Inverter"": ""ConsumptionItem""}",2025-08-12
CPI,CPI,YoY,IN,-18.53,,2025-07-31,M,PERCENT,MacroSearchEngine,False,True,,[IN][CPI][YoY][Jackfruit],[Jackfruit],"{""Jackfruit"": ""ConsumptionItem""}",2025-08-12
CPI,CPI,YoY,IN,-15.88,,2025-07-31,M,PERCENT,MacroSearchEngine,False,True,,[CPI][Jeera (gm)][YoY][IN],[Jeera (gm)],"{""Jeera (gm)"": ""ConsumptionItem""}",2025-08-12
CPI,CPI,YoY,IN,-1.5,,2025-07-31,M,PERCENT,MacroSearchEngine,False,True,,[CPI][Jowar & its Products][YoY][IN],[Jowar & its Products],"{""Jowar & its Products"": ""ConsumptionItem""}",2025-08-12
CPI,CPI,YoY,IN,0.16,,2025-07-31,M,PERCENT,MacroSearchEngine,False,True,,[CPI][Kerosene – Other Sources (litre)][YoY][IN],[Kerosene – Other Sources (litre)],"{""Kerosene – Other Sources (litre)"": ""ConsumptionItem""}",2025-08-12
CPI,CPI,YoY,IN,-6.26,,2025-07-31,M,PERCENT,MacroSearchEngine,False,True,,[IN][CPI][YoY][Kerosene – PDS (litre)],[Kerosene – PDS (litre)],"{""Kerosene – PDS (litre)"": ""ConsumptionItem""}",2025-08-12
CPI,CPI,YoY,IN,2.83,,2025-07-31,M,PERCENT,MacroSearchEngine,False,True,,[CPI][Khesari][YoY][IN],[Khesari],"{""Khesari"": ""ConsumptionItem""}",2025-08-12
CPI,CPI,YoY,IN,-3.88,,2025-07-31,M,PERCENT,MacroSearchEngine,False,True,,[CPI][Knitting Wool (gm)][YoY][IN],[Knitting Wool (gm)],"{""Knitting Wool (gm)"": ""ConsumptionItem""}",2025-08-12
CPI,CPI,YoY,IN,2.98,,2025-07-31,M,PERCENT,MacroSearchEngine,False,True,,[CPI][Kurta-pajama Suits: Females (no.)][YoY][IN],[Kurta-pajama Suits: Females (no.)],"{""Kurta-pajama Suits: Females (no.)"": ""ConsumptionItem""}",2025-08-12
CPI,CPI,YoY,IN,1.68,,2025-07-31,M,PERCENT,MacroSearchEngine,False,True,,[CPI][Kurta-pajama Suits: Males (no.)][YoY][IN],[Kurta-pajama Suits: Males (no.)],"{""Kurta-pajama Suits: Males (no.)"": ""ConsumptionItem""}",2025-08-12
CPI,CPI,YoY,IN,-1.77,,2025-07-31,M,PERCENT,MacroSearchEngine,False,True,,[CPI][Lady's Finger][YoY][IN],[Lady's Finger],"{""Lady's Finger"": ""ConsumptionItem""}",2025-08-12
CPI,CPI,YoY,IN,3.18,,2025-07-31,M,PERCENT,MacroSearchEngine,False,True,,[CPI][Leaf Tobacco (gm)][YoY][IN],[Leaf Tobacco (gm)],"{""Leaf Tobacco (gm)"": ""ConsumptionItem""}",2025-08-12
CPI,CPI,YoY,IN,2.26,,2025-07-31,M,PERCENT,MacroSearchEngine,False,True,,"[CPI][Leather Boots, Shoes][YoY][IN]","[Leather Boots, Shoes]","{""Leather Boots, Shoes"": ""ConsumptionItem""}",2025-08-12
CPI,CPI,YoY,IN,2.18,,2025-07-31,M,PERCENT,MacroSearchEngine,False,True,,"[CPI][Leather Sandals, Chappals, etc.][YoY][IN]","[Leather Sandals, Chappals, etc.]","{""Leather Sandals, Chappals, etc."": ""ConsumptionItem""}",2025-08-12
CPI,CPI,YoY,IN,-13.0,,2025-07-31,M,PERCENT,MacroSearchEngine,False,True,,[Lemon (no.)][CPI][YoY][IN],[Lemon (no.)],"{""Lemon (no.)"": ""ConsumptionItem""}",2025-08-12
CPI,CPI,YoY,IN,-1.76,,2025-07-31,M,PERCENT,MacroSearchEngine,False,True,,[Lighter (bidi/ Cigarette/ Gas Stove)][CPI][YoY][IN],[Lighter (bidi/ Cigarette/ Gas Stove)],"{""Lighter (bidi/ Cigarette/ Gas Stove)"": ""ConsumptionItem""}",2025-08-12
CPI,CPI,YoY,IN,8.49,,2025-07-31,M,PERCENT,MacroSearchEngine,False,True,,[CPI][Lock][YoY][IN],[Lock],"{""Lock"": ""ConsumptionItem""}",2025-08-12
CPI,CPI,YoY,IN,6.0,,2025-07-31,M,PERCENT,MacroSearchEngine,False,True,,[LPG [excl. Conveyance]][CPI][YoY][IN],[LPG [excl. Conveyance]],"{""LPG [excl. Conveyance]"": ""ConsumptionItem""}",2025-08-12
CPI,CPI,YoY,IN,3.14,,2025-07-31,M,PERCENT,MacroSearchEngine,False,True,,[CPI][Lubricants & Other Fuels for Vehicle][YoY][IN],[Lubricants & Other Fuels for Vehicle],"{""Lubricants & Other Fuels for Vehicle"": ""ConsumptionItem""}",2025-08-12
CPI,CPI,YoY,IN,1.63,,2025-07-31,M,PERCENT,MacroSearchEngine,False,True,,[IN][CPI][YoY][Lungi (no.)],[Lungi (no.)],"{""Lungi (no.)"": ""ConsumptionItem""}",2025-08-12
CPI,CPI,YoY,IN,7.89,,2025-07-31,M,PERCENT,MacroSearchEngine,False,True,,[CPI][Maida][YoY][IN],[Maida],"{""Maida"": ""ConsumptionItem""}",2025-08-12
CPI,CPI,YoY,IN,7.44,,2025-07-31,M,PERCENT,MacroSearchEngine,False,True,,[Maize & Products][CPI][YoY][IN],[Maize & Products],"{""Maize & Products"": ""ConsumptionItem""}",2025-08-12
CPI,CPI,YoY,IN,-13.12,,2025-07-31,M,PERCENT,MacroSearchEngine,False,True,,[CPI][Mango][YoY][IN],[Mango],"{""Mango"": ""ConsumptionItem""}",2025-08-12
CPI,CPI,YoY,IN,-2.89,,2025-07-31,M,PERCENT,MacroSearchEngine,False,True,,[IN][CPI][YoY][Masur],[Masur],"{""Masur"": ""ConsumptionItem""}",2025-08-12
CPI,CPI,YoY,IN,1.33,,2025-07-31,M,PERCENT,MacroSearchEngine,False,True,,[IN][CPI][YoY][Matches (box)],[Matches (box)],"{""Matches (box)"": ""ConsumptionItem""}",2025-08-12
CPI,CPI,YoY,IN,4.77,,2025-07-31,M,PERCENT,MacroSearchEngine,False,True,,[CPI][Medicine (non-institutional)][YoY][IN],[Medicine (non-institutional)],"{""Medicine (non-institutional)"": ""ConsumptionItem""}",2025-08-12
CPI,CPI,YoY,IN,1.5,,2025-07-31,M,PERCENT,MacroSearchEngine,False,True,,[IN][CPI][YoY][Milk: Condensed/ Powder],[Milk: Condensed/ Powder],"{""Milk: Condensed/ Powder"": ""ConsumptionItem""}",2025-08-12
CPI,CPI,YoY,IN,2.8,,2025-07-31,M,PERCENT,MacroSearchEngine,False,True,,[IN][CPI][YoY][Milk: Liquid (litre)],[Milk: Liquid (litre)],"{""Milk: Liquid (litre)"": ""ConsumptionItem""}",2025-08-12
CPI,CPI,YoY,IN,-0.17,,2025-07-31,M,PERCENT,MacroSearchEngine,False,True,,[CPI][Mineral Water (litre)][YoY][IN],[Mineral Water (litre)],"{""Mineral Water (litre)"": ""ConsumptionItem""}",2025-08-12
CPI,CPI,YoY,IN,0.16,,2025-07-31,M,PERCENT,MacroSearchEngine,False,True,,[CPI][Mobile Handset][YoY][IN],[Mobile Handset],"{""Mobile Handset"": ""ConsumptionItem""}",2025-08-12
CPI,CPI,YoY,IN,2.92,,2025-07-31,M,PERCENT,MacroSearchEngine,False,True,,[CPI][Monthly Charges for Cable Tv Connection][YoY][IN],[Monthly Charges for Cable Tv Connection],"{""Monthly Charges for Cable Tv Connection"": ""ConsumptionItem""}",2025-08-12
CPI,CPI,YoY,IN,1.26,,2025-07-31,M,PERCENT,MacroSearchEngine,False,True,,[Monthly Maintainance Charges][CPI][YoY][IN],[Monthly Maintainance Charges],"{""Monthly Maintainance Charges"": ""ConsumptionItem""}",2025-08-12
CPI,CPI,YoY,IN,-5.37,,2025-07-31,M,PERCENT,MacroSearchEngine,False,True,,[IN][CPI][YoY][Moong],[Moong],"{""Moong"": ""ConsumptionItem""}",2025-08-12
CPI,CPI,YoY,IN,-0.24,,2025-07-31,M,PERCENT,MacroSearchEngine,False,True,,[CPI][Mosquito Net (no.)][YoY][IN],[Mosquito Net (no.)],"{""Mosquito Net (no.)"": ""ConsumptionItem""}",2025-08-12
CPI,CPI,YoY,IN,4.56,,2025-07-31,M,PERCENT,MacroSearchEngine,False,True,,"[Mosquito Repellent, Insecticide, Acid etc.][CPI][YoY][IN]","[Mosquito Repellent, Insecticide, Acid etc.]","{""Mosquito Repellent, Insecticide, Acid etc."": ""ConsumptionItem""}",2025-08-12
CPI,CPI,YoY,IN,3.85,,2025-07-31,M,PERCENT,MacroSearchEngine,False,True,,"[CPI][Motor Car, Jeep][YoY][IN]","[Motor Car, Jeep]","{""Motor Car, Jeep"": ""ConsumptionItem""}",2025-08-12
CPI,CPI,YoY,IN,3.84,,2025-07-31,M,PERCENT,MacroSearchEngine,False,True,,"[CPI][Motor Cycle, Scooter][YoY][IN]","[Motor Cycle, Scooter]","{""Motor Cycle, Scooter"": ""ConsumptionItem""}",2025-08-12
CPI,CPI,YoY,IN,3.13,,2025-07-31,M,PERCENT,MacroSearchEngine,False,True,,[CPI][Muri][YoY][IN],[Muri],"{""Muri"": ""ConsumptionItem""}",2025-08-12
CPI,CPI,YoY,IN,19.92,,2025-07-31,M,PERCENT,MacroSearchEngine,False,True,,[CPI][Mustard Oil][YoY][IN],[Mustard Oil],"{""Mustard Oil"": ""ConsumptionItem""}",2025-08-12
CPI,CPI,YoY,IN,2.35,,2025-07-31,M,PERCENT,MacroSearchEngine,False,True,,"[Newspapers, Periodicals][CPI][YoY][IN]","[Newspapers, Periodicals]","{""Newspapers, Periodicals"": ""ConsumptionItem""}",2025-08-12
CPI,CPI,YoY,IN,1.6,,2025-07-31,M,PERCENT,MacroSearchEngine,False,True,,[CPI][Oilseeds (gm)][YoY][IN],[Oilseeds (gm)],"{""Oilseeds (gm)"": ""ConsumptionItem""}",2025-08-12
CPI,CPI,YoY,IN,-34.86,,2025-07-31,M,PERCENT,MacroSearchEngine,False,True,,[IN][CPI][YoY][Onion],[Onion],"{""Onion"": ""ConsumptionItem""}",2025-08-12
CPI,CPI,YoY,IN,0.73,,2025-07-31,M,PERCENT,MacroSearchEngine,False,True,,"[CPI][Orange, Mausami (no.)][YoY][IN]","[Orange, Mausami (no.)]","{""Orange, Mausami (no.)"": ""ConsumptionItem""}",2025-08-12
CPI,CPI,YoY,IN,2.04,,2025-07-31,M,PERCENT,MacroSearchEngine,False,True,,"[CPI][Other Beverages: Cocoa, Chocolate, etc.][YoY][IN]","[Other Beverages: Cocoa, Chocolate, etc.]","{""Other Beverages: Cocoa, Chocolate, etc."": ""ConsumptionItem""}",2025-08-12
CPI,CPI,YoY,IN,0.49,,2025-07-31,M,PERCENT,MacroSearchEngine,False,True,,[IN][CPI][YoY][Other Cereals],[Other Cereals],"{""Other Cereals"": ""ConsumptionItem""}",2025-08-12
CPI,CPI,YoY,IN,2.52,,2025-07-31,M,PERCENT,MacroSearchEngine,False,True,,[IN][CPI][YoY][Other Consumer Services Excluding Conveyance],[Other Consumer Services Excluding Conveyance],"{""Other Consumer Services Excluding Conveyance"": ""ConsumptionItem""}",2025-08-12
CPI,CPI,YoY,IN,-0.71,,2025-07-31,M,PERCENT,MacroSearchEngine,False,True,,[IN][CPI][YoY][Other Conveyance Expenses],[Other Conveyance Expenses],"{""Other Conveyance Expenses"": ""ConsumptionItem""}",2025-08-12
CPI,CPI,YoY,IN,0.5,,2025-07-31,M,PERCENT,MacroSearchEngine,False,True,,[CPI][Other Cooking/ Household Appliances][YoY][IN],[Other Cooking/ Household Appliances],"{""Other Cooking/ Household Appliances"": ""ConsumptionItem""}",2025-08-12
CPI,CPI,YoY,IN,5.5,,2025-07-31,M,PERCENT,MacroSearchEngine,False,True,,[CPI][Other Crockery & Utensils][YoY][IN],[Other Crockery & Utensils],"{""Other Crockery & Utensils"": ""ConsumptionItem""}",2025-08-12
CPI,CPI,YoY,IN,10.18,,2025-07-31,M,PERCENT,MacroSearchEngine,False,True,,[CPI][Other Dry Fruits][YoY][IN],[Other Dry Fruits],"{""Other Dry Fruits"": ""ConsumptionItem""}",2025-08-12
CPI,CPI,YoY,IN,2.35,,2025-07-31,M,PERCENT,MacroSearchEngine,False,True,,[Other Durables (specify)….][CPI][YoY][IN],[Other Durables (specify)….],"{""Other Durables (specify)…."": ""ConsumptionItem""}",2025-08-12
CPI,CPI,YoY,IN,3.75,,2025-07-31,M,PERCENT,MacroSearchEngine,False,True,,[CPI][Other Educational Expenses (incl. Fees for Enrollment in Web-based Training)][YoY][IN],[Other Educational Expenses (incl. Fees for Enrollment in Web-based Training)],"{""Other Educational Expenses (incl. Fees for Enrollment in Web-based Training)"": ""ConsumptionItem""}",2025-08-12
CPI,CPI,YoY,IN,2.05,,2025-07-31,M,PERCENT,MacroSearchEngine,False,True,,[IN][CPI][YoY][Other Entertainment],[Other Entertainment],"{""Other Entertainment"": ""ConsumptionItem""}",2025-08-12
CPI,CPI,YoY,IN,3.01,,2025-07-31,M,PERCENT,MacroSearchEngine,False,True,,[CPI][Other Footwear][YoY][IN],[Other Footwear],"{""Other Footwear"": ""ConsumptionItem""}",2025-08-12
CPI,CPI,YoY,IN,11.35,,2025-07-31,M,PERCENT,MacroSearchEngine,False,True,,[CPI][Other Fresh Fruits][YoY][IN],[Other Fresh Fruits],"{""Other Fresh Fruits"": ""ConsumptionItem""}",2025-08-12
CPI,CPI,YoY,IN,2.41,,2025-07-31,M,PERCENT,MacroSearchEngine,False,True,,[IN][CPI][YoY][Other Fuel],[Other Fuel],"{""Other Fuel"": ""ConsumptionItem""}",2025-08-12
CPI,CPI,YoY,IN,3.28,,2025-07-31,M,PERCENT,MacroSearchEngine,False,True,,"[IN][CPI][YoY][Other Furniture & Fixtures (couch, Sofa, Etc.)]","[Other Furniture & Fixtures (couch, Sofa, Etc.)]","{""Other Furniture & Fixtures (couch, Sofa, Etc.)"": ""ConsumptionItem""}",2025-08-12
CPI,CPI,YoY,IN,8.62,,2025-07-31,M,PERCENT,MacroSearchEngine,False,True,,[IN][CPI][YoY][Other Intoxicants],[Other Intoxicants],"{""Other Intoxicants"": ""ConsumptionItem""}",2025-08-12
CPI,CPI,YoY,IN,2.17,,2025-07-31,M,PERCENT,MacroSearchEngine,False,True,,[CPI][Other Leather Footwear][YoY][IN],[Other Leather Footwear],"{""Other Leather Footwear"": ""ConsumptionItem""}",2025-08-12
CPI,CPI,YoY,IN,0.6,,2025-07-31,M,PERCENT,MacroSearchEngine,False,True,,[CPI][Other Medical Expenses (non-institutional)][YoY][IN],[Other Medical Expenses (non-institutional)],"{""Other Medical Expenses (non-institutional)"": ""ConsumptionItem""}",2025-08-12
CPI,CPI,YoY,IN,5.75,,2025-07-31,M,PERCENT,MacroSearchEngine,False,True,,[CPI][Other Metal Utensils][YoY][IN],[Other Metal Utensils],"{""Other Metal Utensils"": ""ConsumptionItem""}",2025-08-12
CPI,CPI,YoY,IN,3.18,,2025-07-31,M,PERCENT,MacroSearchEngine,False,True,,[CPI][Other Milk Products][YoY][IN],[Other Milk Products],"{""Other Milk Products"": ""ConsumptionItem""}",2025-08-12
CPI,CPI,YoY,IN,9.05,,2025-07-31,M,PERCENT,MacroSearchEngine,False,True,,[IN][CPI][YoY][Other Nuts],[Other Nuts],"{""Other Nuts"": ""ConsumptionItem""}",2025-08-12
CPI,CPI,YoY,IN,20.85,,2025-07-31,M,PERCENT,MacroSearchEngine,False,True,,[CPI][Other Ornaments][YoY][IN],[Other Ornaments],"{""Other Ornaments"": ""ConsumptionItem""}",2025-08-12
CPI,CPI,YoY,IN,2.93,,2025-07-31,M,PERCENT,MacroSearchEngine,False,True,,[CPI][Other Packaged Processed Food][YoY][IN],[Other Packaged Processed Food],"{""Other Packaged Processed Food"": ""ConsumptionItem""}",2025-08-12
CPI,CPI,YoY,IN,3.48,,2025-07-31,M,PERCENT,MacroSearchEngine,False,True,,[CPI][Other Petty Articles][YoY][IN],[Other Petty Articles],"{""Other Petty Articles"": ""ConsumptionItem""}",2025-08-12
CPI,CPI,YoY,IN,-0.05,,2025-07-31,M,PERCENT,MacroSearchEngine,False,True,,[IN][CPI][YoY][Other Pulse Products],[Other Pulse Products],"{""Other Pulse Products"": ""ConsumptionItem""}",2025-08-12
CPI,CPI,YoY,IN,-3.16,,2025-07-31,M,PERCENT,MacroSearchEngine,False,True,,[CPI][Other Pulses][YoY][IN],[Other Pulses],"{""Other Pulses"": ""ConsumptionItem""}",2025-08-12
CPI,CPI,YoY,IN,4.81,,2025-07-31,M,PERCENT,MacroSearchEngine,False,True,,[Other Rice Products][CPI][YoY][IN],[Other Rice Products],"{""Other Rice Products"": ""ConsumptionItem""}",2025-08-12
CPI,CPI,YoY,IN,6.09,,2025-07-31,M,PERCENT,MacroSearchEngine,False,True,,"[CPI][Others: Birds, Crab, Oyster, Tortoise, etc.][YoY][IN]","[Others: Birds, Crab, Oyster, Tortoise, etc.]","{""Others: Birds, Crab, Oyster, Tortoise, etc."": ""ConsumptionItem""}",2025-08-12
CPI,CPI,YoY,IN,2.51,,2025-07-31,M,PERCENT,MacroSearchEngine,False,True,,[CPI][Other Tobacco Products][YoY][IN],[Other Tobacco Products],"{""Other Tobacco Products"": ""ConsumptionItem""}",2025-08-12
CPI,CPI,YoY,IN,-2.2,,2025-07-31,M,PERCENT,MacroSearchEngine,False,True,,[CPI][Other Vegetables][YoY][IN],[Other Vegetables],"{""Other Vegetables"": ""ConsumptionItem""}",2025-08-12
CPI,CPI,YoY,IN,1.93,,2025-07-31,M,PERCENT,MacroSearchEngine,False,True,,[IN][CPI][YoY][Other Washing Requisites],[Other Washing Requisites],"{""Other Washing Requisites"": ""ConsumptionItem""}",2025-08-12
CPI,CPI,YoY,IN,2.59,,2025-07-31,M,PERCENT,MacroSearchEngine,False,True,,[CPI][Palak/other Leafy Vegetables][YoY][IN],[Palak/other Leafy Vegetables],"{""Palak/other Leafy Vegetables"": ""ConsumptionItem""}",2025-08-12
CPI,CPI,YoY,IN,4.08,,2025-07-31,M,PERCENT,MacroSearchEngine,False,True,,[CPI][Pan: Finished (no.)][YoY][IN],[Pan: Finished (no.)],"{""Pan: Finished (no.)"": ""ConsumptionItem""}",2025-08-12
CPI,CPI,YoY,IN,-1.01,,2025-07-31,M,PERCENT,MacroSearchEngine,False,True,,[IN][CPI][YoY][Pan: Leaf (no.)],[Pan: Leaf (no.)],"{""Pan: Leaf (no.)"": ""ConsumptionItem""}",2025-08-12
CPI,CPI,YoY,IN,4.26,,2025-07-31,M,PERCENT,MacroSearchEngine,False,True,,"[CPI][Papad, Bhujia, Namkeen, Mixture, Chanachur][YoY][IN]","[Papad, Bhujia, Namkeen, Mixture, Chanachur]","{""Papad, Bhujia, Namkeen, Mixture, Chanachur"": ""ConsumptionItem""}",2025-08-12
CPI,CPI,YoY,IN,0.33,,2025-07-31,M,PERCENT,MacroSearchEngine,False,True,,[CPI][Papaya][YoY][IN],[Papaya],"{""Papaya"": ""ConsumptionItem""}",2025-08-12
CPI,CPI,YoY,IN,-5.17,,2025-07-31,M,PERCENT,MacroSearchEngine,False,True,,"[CPI][Parwal/patal, Kundru][YoY][IN]","[Parwal/patal, Kundru]","{""Parwal/patal, Kundru"": ""ConsumptionItem""}",2025-08-12
CPI,CPI,YoY,IN,2.48,,2025-07-31,M,PERCENT,MacroSearchEngine,False,True,,[CPI][PC/ Laptop/ Other Peripherals Incl. Software][YoY][IN],[PC/ Laptop/ Other Peripherals Incl. Software],"{""PC/ Laptop/ Other Peripherals Incl. Software"": ""ConsumptionItem""}",2025-08-12
CPI,CPI,YoY,IN,52.57,,2025-07-31,M,PERCENT,MacroSearchEngine,False,True,,[CPI][Pears/nashpati][YoY][IN],[Pears/nashpati],"{""Pears/nashpati"": ""ConsumptionItem""}",2025-08-12
CPI,CPI,YoY,IN,-9.44,,2025-07-31,M,PERCENT,MacroSearchEngine,False,True,,[IN][CPI][YoY][Peas (pulses)],[Peas (pulses)],"{""Peas (pulses)"": ""ConsumptionItem""}",2025-08-12
CPI,CPI,YoY,IN,-2.37,,2025-07-31,M,PERCENT,MacroSearchEngine,False,True,,[CPI][Peas (vegetables)][YoY][IN],[Peas (vegetables)],"{""Peas (vegetables)"": ""ConsumptionItem""}",2025-08-12
CPI,CPI,YoY,IN,0.14,,2025-07-31,M,PERCENT,MacroSearchEngine,False,True,,[CPI][Petrol for Vehicle][YoY][IN],[Petrol for Vehicle],"{""Petrol for Vehicle"": ""ConsumptionItem""}",2025-08-12
CPI,CPI,YoY,IN,3.02,,2025-07-31,M,PERCENT,MacroSearchEngine,False,True,,[CPI][Photography][YoY][IN],[Photography],"{""Photography"": ""ConsumptionItem""}",2025-08-12
CPI,CPI,YoY,IN,2.58,,2025-07-31,M,PERCENT,MacroSearchEngine,False,True,,[IN][CPI][YoY][Pickles (gm)],[Pickles (gm)],"{""Pickles (gm)"": ""ConsumptionItem""}",2025-08-12
CPI,CPI,YoY,IN,2.55,,2025-07-31,M,PERCENT,MacroSearchEngine,False,True,,"[CPI][Pillow, Quilt, Mattress (no.)][YoY][IN]","[Pillow, Quilt, Mattress (no.)]","{""Pillow, Quilt, Mattress (no.)"": ""ConsumptionItem""}",2025-08-12
CPI,CPI,YoY,IN,15.71,,2025-07-31,M,PERCENT,MacroSearchEngine,False,True,,[CPI][Pineapple (no.)][YoY][IN],[Pineapple (no.)],"{""Pineapple (no.)"": ""ConsumptionItem""}",2025-08-12
CPI,CPI,YoY,IN,2.52,,2025-07-31,M,PERCENT,MacroSearchEngine,False,True,,"[CPI][Plugs, Switches & Other Electrical Fittings][YoY][IN]","[Plugs, Switches & Other Electrical Fittings]","{""Plugs, Switches & Other Electrical Fittings"": ""ConsumptionItem""}",2025-08-12
CPI,CPI,YoY,IN,3.93,,2025-07-31,M,PERCENT,MacroSearchEngine,False,True,,[Pork][CPI][YoY][IN],[Pork],"{""Pork"": ""ConsumptionItem""}",2025-08-12
CPI,CPI,YoY,IN,2.64,,2025-07-31,M,PERCENT,MacroSearchEngine,False,True,,[IN][CPI][YoY][Porter Charges],[Porter Charges],"{""Porter Charges"": ""ConsumptionItem""}",2025-08-12
CPI,CPI,YoY,IN,-34.35,,2025-07-31,M,PERCENT,MacroSearchEngine,False,True,,[CPI][Potato][YoY][IN],[Potato],"{""Potato"": ""ConsumptionItem""}",2025-08-12
CPI,CPI,YoY,IN,4.4,,2025-07-31,M,PERCENT,MacroSearchEngine,False,True,,"[CPI][Powder, Snow, Cream, Lotion and Perfume][YoY][IN]","[Powder, Snow, Cream, Lotion and Perfume]","{""Powder, Snow, Cream, Lotion and Perfume"": ""ConsumptionItem""}",2025-08-12
CPI,CPI,YoY,IN,3.77,,2025-07-31,M,PERCENT,MacroSearchEngine,False,True,,"[CPI][Prepared Sweets, Cake, Pastry][YoY][IN]","[Prepared Sweets, Cake, Pastry]","{""Prepared Sweets, Cake, Pastry"": ""ConsumptionItem""}",2025-08-12
CPI,CPI,YoY,IN,3.63,,2025-07-31,M,PERCENT,MacroSearchEngine,False,True,,[IN][CPI][YoY][Pressure Cooker/ Pressure Pan],[Pressure Cooker/ Pressure Pan],"{""Pressure Cooker/ Pressure Pan"": ""ConsumptionItem""}",2025-08-12
CPI,CPI,YoY,IN,2.98,,2025-07-31,M,PERCENT,MacroSearchEngine,False,True,,[CPI][Private Tutor/ Coaching Centre][YoY][IN],[Private Tutor/ Coaching Centre],"{""Private Tutor/ Coaching Centre"": ""ConsumptionItem""}",2025-08-12
CPI,CPI,YoY,IN,5.35,,2025-07-31,M,PERCENT,MacroSearchEngine,False,True,,"[CPI][Radio, Tape Recorder, 2-in-1][YoY][IN]","[Radio, Tape Recorder, 2-in-1]","{""Radio, Tape Recorder, 2-in-1"": ""ConsumptionItem""}",2025-08-12
CPI,CPI,YoY,IN,1.1,,2025-07-31,M,PERCENT,MacroSearchEngine,False,True,,[CPI][Radish][YoY][IN],[Radish],"{""Radish"": ""ConsumptionItem""}",2025-08-12
CPI,CPI,YoY,IN,6.76,,2025-07-31,M,PERCENT,MacroSearchEngine,False,True,,[CPI][Ragi & its Products][YoY][IN],[Ragi & its Products],"{""Ragi & its Products"": ""ConsumptionItem""}",2025-08-12
CPI,CPI,YoY,IN,-0.32,,2025-07-31,M,PERCENT,MacroSearchEngine,False,True,,[CPI][Railway Fare][YoY][IN],[Railway Fare],"{""Railway Fare"": ""ConsumptionItem""}",2025-08-12
CPI,CPI,YoY,IN,11.62,,2025-07-31,M,PERCENT,MacroSearchEngine,False,True,,"[CPI][Raisin, Kishmish, Monacca, etc.][YoY][IN]","[Raisin, Kishmish, Monacca, etc.]","{""Raisin, Kishmish, Monacca, etc."": ""ConsumptionItem""}",2025-08-12
CPI,CPI,YoY,IN,22.72,,2025-07-31,M,PERCENT,MacroSearchEngine,False,True,,"[Refined Oil [sunflower, Soyabean, Saffola, Etc.]][CPI][YoY][IN]","[Refined Oil [sunflower, Soyabean, Saffola, Etc.]]","{""Refined Oil [sunflower, Soyabean, Saffola, Etc.]"": ""ConsumptionItem""}",2025-08-12
CPI,CPI,YoY,IN,0.66,,2025-07-31,M,PERCENT,MacroSearchEngine,False,True,,[CPI][Refrigerator][YoY][IN],[Refrigerator],"{""Refrigerator"": ""ConsumptionItem""}",2025-08-12
CPI,CPI,YoY,IN,6.74,,2025-07-31,M,PERCENT,MacroSearchEngine,False,True,,[CPI][Residential Building & Land (cost of Repairs Only)][YoY][IN],[Residential Building & Land (cost of Repairs Only)],"{""Residential Building & Land (cost of Repairs Only)"": ""ConsumptionItem""}",2025-08-12
CPI,CPI,YoY,IN,1.54,,2025-07-31,M,PERCENT,MacroSearchEngine,False,True,,[Rice – Other Sources][CPI][YoY][IN],[Rice – Other Sources],"{""Rice – Other Sources"": ""ConsumptionItem""}",2025-08-12
CPI,CPI,YoY,IN,27.03,,2025-07-31,M,PERCENT,MacroSearchEngine,False,True,,[CPI][Rice – PDS][YoY][IN],[Rice – PDS],"{""Rice – PDS"": ""ConsumptionItem""}",2025-08-12
CPI,CPI,YoY,IN,1.23,,2025-07-31,M,PERCENT,MacroSearchEngine,False,True,,[CPI][Rickshaw (hand Drawn & Cycle) Fare][YoY][IN],[Rickshaw (hand Drawn & Cycle) Fare],"{""Rickshaw (hand Drawn & Cycle) Fare"": ""ConsumptionItem""}",2025-08-12
CPI,CPI,YoY,IN,1.64,,2025-07-31,M,PERCENT,MacroSearchEngine,False,True,,[Rubber / Pvc Footwear][CPI][YoY][IN],[Rubber / Pvc Footwear],"{""Rubber / Pvc Footwear"": ""ConsumptionItem""}",2025-08-12
CPI,CPI,YoY,IN,3.48,,2025-07-31,M,PERCENT,MacroSearchEngine,False,True,,"[CPI][Rug, Blanket (no.)][YoY][IN]","[Rug, Blanket (no.)]","{""Rug, Blanket (no.)"": ""ConsumptionItem""}",2025-08-12
CPI,CPI,YoY,IN,4.79,,2025-07-31,M,PERCENT,MacroSearchEngine,False,True,,[CPI][Salt][YoY][IN],[Salt],"{""Salt"": ""ConsumptionItem""}",2025-08-12
CPI,CPI,YoY,IN,3.61,,2025-07-31,M,PERCENT,MacroSearchEngine,False,True,,[CPI][Sanitary Napkins][YoY][IN],[Sanitary Napkins],"{""Sanitary Napkins"": ""ConsumptionItem""}",2025-08-12
CPI,CPI,YoY,IN,2.03,,2025-07-31,M,PERCENT,MacroSearchEngine,False,True,,[CPI][Saree (no.)][YoY][IN],[Saree (no.)],"{""Saree (no.)"": ""ConsumptionItem""}",2025-08-12
CPI,CPI,YoY,IN,4.43,,2025-07-31,M,PERCENT,MacroSearchEngine,False,True,,"[CPI][Sauce, Jam, Jelly (gm)][YoY][IN]","[Sauce, Jam, Jelly (gm)]","{""Sauce, Jam, Jelly (gm)"": ""ConsumptionItem""}",2025-08-12
CPI,CPI,YoY,IN,3.57,,2025-07-31,M,PERCENT,MacroSearchEngine,False,True,,"[CPI][School Bus, Van, etc.][YoY][IN]","[School Bus, Van, etc.]","{""School Bus, Van, etc."": ""ConsumptionItem""}",2025-08-12
CPI,CPI,YoY,IN,3.57,,2025-07-31,M,PERCENT,MacroSearchEngine,False,True,,[CPI][School/college Uniform: Boys][YoY][IN],[School/college Uniform: Boys],"{""School/college Uniform: Boys"": ""ConsumptionItem""}",2025-08-12
CPI,CPI,YoY,IN,3.72,,2025-07-31,M,PERCENT,MacroSearchEngine,False,True,,[CPI][School/college Uniform: Girls][YoY][IN],[School/college Uniform: Girls],"{""School/college Uniform: Girls"": ""ConsumptionItem""}",2025-08-12
CPI,CPI,YoY,IN,4.64,,2025-07-31,M,PERCENT,MacroSearchEngine,False,True,,"[CPI][Sewai, Noodles][YoY][IN]","[Sewai, Noodles]","{""Sewai, Noodles"": ""ConsumptionItem""}",2025-08-12
CPI,CPI,YoY,IN,1.91,,2025-07-31,M,PERCENT,MacroSearchEngine,False,True,,[CPI][Sewing Machine][YoY][IN],[Sewing Machine],"{""Sewing Machine"": ""ConsumptionItem""}",2025-08-12
CPI,CPI,YoY,IN,2.82,,2025-07-31,M,PERCENT,MacroSearchEngine,False,True,,"[CPI][Shaving Blades, Shaving Stick, Razor][YoY][IN]","[Shaving Blades, Shaving Stick, Razor]","{""Shaving Blades, Shaving Stick, Razor"": ""ConsumptionItem""}",2025-08-12
CPI,CPI,YoY,IN,2.78,,2025-07-31,M,PERCENT,MacroSearchEngine,False,True,,"[CPI][Shaving Cream, Aftershave Lotion][YoY][IN]","[Shaving Cream, Aftershave Lotion]","{""Shaving Cream, Aftershave Lotion"": ""ConsumptionItem""}",2025-08-12
CPI,CPI,YoY,IN,3.18,,2025-07-31,M,PERCENT,MacroSearchEngine,False,True,,"[IN][CPI][YoY][Shawl, Chaddar (no.)]","[Shawl, Chaddar (no.)]","{""Shawl, Chaddar (no.)"": ""ConsumptionItem""}",2025-08-12
CPI,CPI,YoY,IN,1.52,,2025-07-31,M,PERCENT,MacroSearchEngine,False,True,,"[CPI][Shirts, T-shirts (no.)][YoY][IN]","[Shirts, T-shirts (no.)]","{""Shirts, T-shirts (no.)"": ""ConsumptionItem""}",2025-08-12
CPI,CPI,YoY,IN,2.0,,2025-07-31,M,PERCENT,MacroSearchEngine,False,True,,"[Shorts, Trousers, Bermudas (no.)][CPI][YoY][IN]","[Shorts, Trousers, Bermudas (no.)]","{""Shorts, Trousers, Bermudas (no.)"": ""ConsumptionItem""}",2025-08-12
CPI,CPI,YoY,IN,21.87,,2025-07-31,M,PERCENT,MacroSearchEngine,False,True,,[CPI][Silver][YoY][IN],[Silver],"{""Silver"": ""ConsumptionItem""}",2025-08-12
CPI,CPI,YoY,IN,5.49,,2025-07-31,M,PERCENT,MacroSearchEngine,False,True,,[CPI][Small Millets & their Products][YoY][IN],[Small Millets & their Products],"{""Small Millets & their Products"": ""ConsumptionItem""}",2025-08-12
CPI,CPI,YoY,IN,1.11,,2025-07-31,M,PERCENT,MacroSearchEngine,False,True,,[CPI][Snuff (gm)][YoY][IN],[Snuff (gm)],"{""Snuff (gm)"": ""ConsumptionItem""}",2025-08-12
CPI,CPI,YoY,IN,1.98,,2025-07-31,M,PERCENT,MacroSearchEngine,False,True,,[Spectacles][CPI][YoY][IN],[Spectacles],"{""Spectacles"": ""ConsumptionItem""}",2025-08-12
CPI,CPI,YoY,IN,4.39,,2025-07-31,M,PERCENT,MacroSearchEngine,False,True,,"[CPI][Sports Goods, Toys, etc.][YoY][IN]","[Sports Goods, Toys, etc.]","{""Sports Goods, Toys, etc."": ""ConsumptionItem""}",2025-08-12
CPI,CPI,YoY,IN,4.6,,2025-07-31,M,PERCENT,MacroSearchEngine,False,True,,[CPI][Stainless Steel Utensils][YoY][IN],[Stainless Steel Utensils],"{""Stainless Steel Utensils"": ""ConsumptionItem""}",2025-08-12
CPI,CPI,YoY,IN,1.41,,2025-07-31,M,PERCENT,MacroSearchEngine,False,True,,"[CPI][Stationery, Photocopying Charges][YoY][IN]","[Stationery, Photocopying Charges]","{""Stationery, Photocopying Charges"": ""ConsumptionItem""}",2025-08-12
CPI,CPI,YoY,IN,7.55,,2025-07-31,M,PERCENT,MacroSearchEngine,False,True,,"[IN][CPI][YoY][Steamer, Boat Fare]","[Steamer, Boat Fare]","{""Steamer, Boat Fare"": ""ConsumptionItem""}",2025-08-12
CPI,CPI,YoY,IN,10.76,,2025-07-31,M,PERCENT,MacroSearchEngine,False,True,,"[CPI][Stove, Gas Burner][YoY][IN]","[Stove, Gas Burner]","{""Stove, Gas Burner"": ""ConsumptionItem""}",2025-08-12
CPI,CPI,YoY,IN,3.42,,2025-07-31,M,PERCENT,MacroSearchEngine,False,True,,[CPI][Sugar - Other Sources][YoY][IN],[Sugar - Other Sources],"{""Sugar - Other Sources"": ""ConsumptionItem""}",2025-08-12
CPI,CPI,YoY,IN,0.79,,2025-07-31,M,PERCENT,MacroSearchEngine,False,True,,[CPI][Sugar - PDS][YoY][IN],[Sugar - PDS],"{""Sugar - PDS"": ""ConsumptionItem""}",2025-08-12
CPI,CPI,YoY,IN,-1.79,,2025-07-31,M,PERCENT,MacroSearchEngine,False,True,,"[Suitcase, Trunk, Box, Handbag and Other Travel Goods][CPI][YoY][IN]","[Suitcase, Trunk, Box, Handbag and Other Travel Goods]","{""Suitcase, Trunk, Box, Handbag and Other Travel Goods"": ""ConsumptionItem""}",2025-08-12
CPI,CPI,YoY,IN,6.16,,2025-07-31,M,PERCENT,MacroSearchEngine,False,True,,"[CPI][Suji, Rawa][YoY][IN]","[Suji, Rawa]","{""Suji, Rawa"": ""ConsumptionItem""}",2025-08-12
CPI,CPI,YoY,IN,3.62,,2025-07-31,M,PERCENT,MacroSearchEngine,False,True,,[Sweeper][CPI][YoY][IN],[Sweeper],"{""Sweeper"": ""ConsumptionItem""}",2025-08-12
CPI,CPI,YoY,IN,5.26,,2025-07-31,M,PERCENT,MacroSearchEngine,False,True,,[CPI][Tailor][YoY][IN],[Tailor],"{""Tailor"": ""ConsumptionItem""}",2025-08-12
CPI,CPI,YoY,IN,13.26,,2025-07-31,M,PERCENT,MacroSearchEngine,False,True,,[IN][CPI][YoY][Tamarind (gm)],[Tamarind (gm)],"{""Tamarind (gm)"": ""ConsumptionItem""}",2025-08-12
CPI,CPI,YoY,IN,2.37,,2025-07-31,M,PERCENT,MacroSearchEngine,False,True,,"[Taxi, Auto-rickshaw Fare][CPI][YoY][IN]","[Taxi, Auto-rickshaw Fare]","{""Taxi, Auto-rickshaw Fare"": ""ConsumptionItem""}",2025-08-12
CPI,CPI,YoY,IN,2.58,,2025-07-31,M,PERCENT,MacroSearchEngine,False,True,,[CPI][Tea: Cups (no.)][YoY][IN],[Tea: Cups (no.)],"{""Tea: Cups (no.)"": ""ConsumptionItem""}",2025-08-12
CPI,CPI,YoY,IN,3.84,,2025-07-31,M,PERCENT,MacroSearchEngine,False,True,,[Tea: Leaf (gm)][CPI][YoY][IN],[Tea: Leaf (gm)],"{""Tea: Leaf (gm)"": ""ConsumptionItem""}",2025-08-12
CPI,CPI,YoY,IN,0.08,,2025-07-31,M,PERCENT,MacroSearchEngine,False,True,,[Telephone Charges: Landline*][CPI][YoY][IN],[Telephone Charges: Landline*],"{""Telephone Charges: Landline*"": ""ConsumptionItem""}",2025-08-12
CPI,CPI,YoY,IN,1.9,,2025-07-31,M,PERCENT,MacroSearchEngine,False,True,,[CPI][Telephone Charges: Mobile][YoY][IN],[Telephone Charges: Mobile],"{""Telephone Charges: Mobile"": ""ConsumptionItem""}",2025-08-12
CPI,CPI,YoY,IN,-0.94,,2025-07-31,M,PERCENT,MacroSearchEngine,False,True,,[CPI][Television][YoY][IN],[Television],"{""Television"": ""ConsumptionItem""}",2025-08-12
CPI,CPI,YoY,IN,-5.25,,2025-07-31,M,PERCENT,MacroSearchEngine,False,True,,[CPI][Toddy (litre)][YoY][IN],[Toddy (litre)],"{""Toddy (litre)"": ""ConsumptionItem""}",2025-08-12
CPI,CPI,YoY,IN,4.3,,2025-07-31,M,PERCENT,MacroSearchEngine,False,True,,[IN][CPI][YoY][Toilet Soap],[Toilet Soap],"{""Toilet Soap"": ""ConsumptionItem""}",2025-08-12
CPI,CPI,YoY,IN,-34.17,,2025-07-31,M,PERCENT,MacroSearchEngine,False,True,,[CPI][Tomato][YoY][IN],[Tomato],"{""Tomato"": ""ConsumptionItem""}",2025-08-12
CPI,CPI,YoY,IN,2.49,,2025-07-31,M,PERCENT,MacroSearchEngine,False,True,,"[CPI][Toothpaste, Toothbrush, Comb, etc.][YoY][IN]","[Toothpaste, Toothbrush, Comb, etc.]","{""Toothpaste, Toothbrush, Comb, etc."": ""ConsumptionItem""}",2025-08-12
CPI,CPI,YoY,IN,3.22,,2025-07-31,M,PERCENT,MacroSearchEngine,False,True,,[Torch][CPI][YoY][IN],[Torch],"{""Torch"": ""ConsumptionItem""}",2025-08-12
CPI,CPI,YoY,IN,4.86,,2025-07-31,M,PERCENT,MacroSearchEngine,False,True,,"[CPI][Tuition and Other Fees (school, College, Etc.)][YoY][IN]","[Tuition and Other Fees (school, College, Etc.)]","{""Tuition and Other Fees (school, College, Etc.)"": ""ConsumptionItem""}",2025-08-12
CPI,CPI,YoY,IN,7.23,,2025-07-31,M,PERCENT,MacroSearchEngine,False,True,,[CPI][Turmeric (gm)][YoY][IN],[Turmeric (gm)],"{""Turmeric (gm)"": ""ConsumptionItem""}",2025-08-12
CPI,CPI,YoY,IN,2.32,,2025-07-31,M,PERCENT,MacroSearchEngine,False,True,,[CPI][Tyres & Tubes][YoY][IN],[Tyres & Tubes],"{""Tyres & Tubes"": ""ConsumptionItem""}",2025-08-12
CPI,CPI,YoY,IN,2.21,,2025-07-31,M,PERCENT,MacroSearchEngine,False,True,,"[IN][CPI][YoY][Umbrella, Raincoat]","[Umbrella, Raincoat]","{""Umbrella, Raincoat"": ""ConsumptionItem""}",2025-08-12
CPI,CPI,YoY,IN,-8.21,,2025-07-31,M,PERCENT,MacroSearchEngine,False,True,,[CPI][Urd][YoY][IN],[Urd],"{""Urd"": ""ConsumptionItem""}",2025-08-12
CPI,CPI,YoY,IN,20.54,,2025-07-31,M,PERCENT,MacroSearchEngine,False,True,,"[CPI][Vanaspati, Margarine][YoY][IN]","[Vanaspati, Margarine]","{""Vanaspati, Margarine"": ""ConsumptionItem""}",2025-08-12
CPI,CPI,YoY,IN,8.06,,2025-07-31,M,PERCENT,MacroSearchEngine,False,True,,[Walnut][CPI][YoY][IN],[Walnut],"{""Walnut"": ""ConsumptionItem""}",2025-08-12
CPI,CPI,YoY,IN,6.35,,2025-07-31,M,PERCENT,MacroSearchEngine,False,True,,"[CPI][Washerman, Laundry, Ironing][YoY][IN]","[Washerman, Laundry, Ironing]","{""Washerman, Laundry, Ironing"": ""ConsumptionItem""}",2025-08-12
CPI,CPI,YoY,IN,2.21,,2025-07-31,M,PERCENT,MacroSearchEngine,False,True,,[Washing Machine][CPI][YoY][IN],[Washing Machine],"{""Washing Machine"": ""ConsumptionItem""}",2025-08-12
CPI,CPI,YoY,IN,0.47,,2025-07-31,M,PERCENT,MacroSearchEngine,False,True,,[CPI][Washing Soap/soda/powder][YoY][IN],[Washing Soap/soda/powder],"{""Washing Soap/soda/powder"": ""ConsumptionItem""}",2025-08-12
CPI,CPI,YoY,IN,6.29,,2025-07-31,M,PERCENT,MacroSearchEngine,False,True,,[CPI][Watch Man Charges (other Cons Taxes)][YoY][IN],[Watch Man Charges (other Cons Taxes)],"{""Watch Man Charges (other Cons Taxes)"": ""ConsumptionItem""}",2025-08-12
CPI,CPI,YoY,IN,2.02,,2025-07-31,M,PERCENT,MacroSearchEngine,False,True,,[CPI][Water Charges][YoY][IN],[Water Charges],"{""Water Charges"": ""ConsumptionItem""}",2025-08-12
CPI,CPI,YoY,IN,3.58,,2025-07-31,M,PERCENT,MacroSearchEngine,False,True,,[CPI][Watermelon][YoY][IN],[Watermelon],"{""Watermelon"": ""ConsumptionItem""}",2025-08-12
CPI,CPI,YoY,IN,3.37,,2025-07-31,M,PERCENT,MacroSearchEngine,False,True,,[CPI][Water Purifier][YoY][IN],[Water Purifier],"{""Water Purifier"": ""ConsumptionItem""}",2025-08-12
CPI,CPI,YoY,IN,4.43,,2025-07-31,M,PERCENT,MacroSearchEngine,False,True,,[CPI][Wheat/ Atta – Other Sources][YoY][IN],[Wheat/ Atta – Other Sources],"{""Wheat/ Atta – Other Sources"": ""ConsumptionItem""}",2025-08-12
CPI,CPI,YoY,IN,9.94,,2025-07-31,M,PERCENT,MacroSearchEngine,False,True,,[IN][CPI][YoY][Wheat/ Atta – PDS],[Wheat/ Atta – PDS],"{""Wheat/ Atta – PDS"": ""ConsumptionItem""}",2025-08-12
CPI,CPI,YoY,IN,2.34,,2025-07-31,M,PERCENT,MacroSearchEngine,False,True,,"[CPI][X-ray, Ecg, Pathological Test, etc. (non-institutional)][YoY][IN]","[X-ray, Ecg, Pathological Test, etc. (non-institutional)]","{""X-ray, Ecg, Pathological Test, etc. (non-institutional)"": ""ConsumptionItem""}",2025-08-12
CPI,CPI,YoY,IN,2.49,,2025-07-31,M,PERCENT,MacroSearchEngine,False,True,,"[IN][CPI][YoY][Zarda, Kimam, Surti (gm)]","[Zarda, Kimam, Surti (gm)]","{""Zarda, Kimam, Surti (gm)"": ""ConsumptionItem""}",2025-08-12
CPI,CPI,Constituents,IN,,"[{""ticker"": ""CPI"", ""weight"": 11.969625464285716, ""dimensions"": ""[Grains]""}, {""ticker"": ""CPI"", ""weight"": 2.785798382653061, ""dimensions"": ""[Meat]""}, {""ticker"": ""CPI"", ""weight"": 1.4436231071428574, ""dimensions"": ""[Seafood]""}, {""ticker"": ""CPI"", ""weight"": 0.43678517857142857, ""dimensions"": ""[Eggs]""}, {""ticker"": ""CPI"", ""weight"": 6.441844499999999, ""dimensions"": ""[Dairy]""}, {""ticker"": ""CPI"", ""weight"": 3.4867130102040815, ""dimensions"": ""[Edible_Oils]""}, {""ticker"": ""CPI"", ""weight"": 3.1480746224489797, ""dimensions"": ""[Fruits]""}, {""ticker"": ""CPI"", ""weight"": 6.5323581632653065, ""dimensions"": ""[Vegetables]""}]",2025-07-31,None,JSON,MacroSearchEngine,False,False,,[CPI][IN][ByConsumptionCategory][Constituents][Food],[ByConsumptionCategory][Food],"{""ByConsumptionCategory"": ""BreakdownType"", ""Food"": null}",2025-08-12
CPI,CPI,Constituents,IN,,"[{""ticker"": ""CPI"", ""weight"": 0.04162938775510204, ""dimensions"": ""[Air Conditioner, Air Cooler]""}, {""ticker"": ""CPI"", ""weight"": 0.07970207142857143, ""dimensions"": ""[Air Fare (normal): Economy Class(adult)]""}, {""ticker"": ""CPI"", ""weight"": 0.030718076530612246, ""dimensions"": ""[Almirah, Dressing Table]""}, {""ticker"": ""CPI"", ""weight"": 3.711734693877551e-05, ""dimensions"": ""[Any Other Personal Goods]""}, {""ticker"": ""CPI"", ""weight"": 0.5018451836734694, ""dimensions"": ""[Apple]""}, {""ticker"": ""CPI"", ""weight"": 0.7570788163265306, ""dimensions"": ""[Arhar, Tur]""}, {""ticker"": ""CPI"", ""weight"": 0.027785459183673467, ""dimensions"": ""[Baby Food]""}, {""ticker"": ""CPI"", ""weight"": 0.1372837142857143, ""dimensions"": ""[Bajra & its Products]""}, {""ticker"": ""CPI"", ""weight"": 0.5563726530612245, ""dimensions"": ""[Banana (no.)]""}, {""ticker"": ""CPI"", ""weight"": 0.4707385714285714, ""dimensions"": ""[Baniyan, Socks, Other Hosiery and Undergarments, Etc.(no.)]""}, {""ticker"": ""CPI"", ""weight"": 0.6634473979591836, ""dimensions"": ""[Barber, Beautician, etc.]""}, {""ticker"": ""CPI"", ""weight"": 0.0022054897959183674, ""dimensions"": ""[Bathroom and Sanitary Equipment]""}, {""ticker"": ""CPI"", ""weight"": 0.17517994897959185, ""dimensions"": ""[Beans, Barbati]""}, {""ticker"": ""CPI"", ""weight"": 0.00046918367346938776, ""dimensions"": ""[Bedding: Others]""}, {""ticker"": ""CPI"", ""weight"": 0.1743662755102041, ""dimensions"": ""[Bed Sheet, Bed Cover (no.)]""}, {""ticker"": ""CPI"", ""weight"": 0.0680843112244898, ""dimensions"": ""[Bedstead]""}, {""ticker"": ""CPI"", ""weight"": 0.33235265306122447, ""dimensions"": ""[Beef/ Buffalo Meat]""}, {""ticker"": ""CPI"", ""weight"": 0.0654335918367347, ""dimensions"": ""[Beer (litre)]""}, {""ticker"": ""CPI"", ""weight"": 0.14649923469387754, ""dimensions"": ""[Besan]""}, {""ticker"": ""CPI"", ""weight"": 0.1105935, ""dimensions"": ""[Bicycle(without Accessories)]""}, {""ticker"": ""CPI"", ""weight"": 0.4755442244897959, ""dimensions"": ""[Bidi (no.)]""}, {""ticker"": ""CPI"", ""weight"": 0.7465630408163264, ""dimensions"": ""[Biscuits, Chocolates, etc.]""}, {""ticker"": ""CPI"", ""weight"": 0.1582927755102041, ""dimensions"": ""[Black Pepper (gm)]""}, {""ticker"": ""CPI"", ""weight"": 0.4999806428571429, ""dimensions"": ""[Books, Journals: First Hand]""}, {""ticker"": ""CPI"", ""weight"": 0.12521175510204083, ""dimensions"": ""[Bread (bakery)]""}, {""ticker"": ""CPI"", ""weight"": 0.46696212244897956, ""dimensions"": ""[Brinjal]""}, {""ticker"": ""CPI"", ""weight"": 0.0632916224489796, ""dimensions"": ""[Bucket, Water Bottle/ Feeding Bottle & Other Plastic Goods]""}, {""ticker"": ""CPI"", ""weight"": 1.4201827142857144, ""dimensions"": ""[Bus/tram Fare]""}, {""ticker"": ""CPI"", ""weight"": 0.010930500000000001, ""dimensions"": ""[Butter]""}, {""ticker"": ""CPI"", ""weight"": 0.19471661224489797, ""dimensions"": ""[Cabbage]""}, {""ticker"": ""CPI"", ""weight"": 0.02801952551020408, ""dimensions"": ""[Candle (no.)]""}, {""ticker"": ""CPI"", ""weight"": 0.0010315102040816327, ""dimensions"": ""[Candy, Misri]""}, {""ticker"": ""CPI"", ""weight"": 0.0024793061224489795, ""dimensions"": ""[Carpet, Daree & Other Floor Mattings]""}, {""ticker"": ""CPI"", ""weight"": 0.10900117346938777, ""dimensions"": ""[Carrot]""}, {""ticker"": ""CPI"", ""weight"": 0.06988452551020408, ""dimensions"": ""[Cashewnut]""}, {""ticker"": ""CPI"", ""weight"": 0.3657760612244898, ""dimensions"": ""[Cauliflower]""}, {""ticker"": ""CPI"", ""weight"": 0.0032710357142857137, ""dimensions"": ""[CD, DVD, Audio/video Cassette, etc]""}, {""ticker"": ""CPI"", ""weight"": 0.043459163265306126, ""dimensions"": ""[Cereal Substitutes: Tapioca, etc.]""}, {""ticker"": ""CPI"", ""weight"": 0.014950683673469389, ""dimensions"": ""[Chair, Stool, Bench, Table]""}, {""ticker"": ""CPI"", ""weight"": 0.002207045918367347, ""dimensions"": ""[Charcoal]""}, {""ticker"": ""CPI"", ""weight"": 0.005520653061224489, ""dimensions"": ""[Cheroot (no.)]""}, {""ticker"": ""CPI"", ""weight"": 1.3393086581632654, ""dimensions"": ""[Chicken]""}, {""ticker"": ""CPI"", ""weight"": 0.00583134693877551, ""dimensions"": ""[Chips (gm)]""}, {""ticker"": ""CPI"", ""weight"": 0.09344210204081634, ""dimensions"": ""[Chira]""}, {""ticker"": ""CPI"", ""weight"": 0.2502193469387755, ""dimensions"": ""[Cigarettes (no.)]""}, {""ticker"": ""CPI"", ""weight"": 0.15477280612244898, ""dimensions"": ""[Cinema: New Release(normal Day)]""}, {""ticker"": ""CPI"", ""weight"": 0.00014901020408163265, ""dimensions"": ""[Clock, Watch]""}, {""ticker"": ""CPI"", ""weight"": 0.40487961224489794, ""dimensions"": ""[Cloth for Coat, Trousers, Suit, etc. (metre)]""}, {""ticker"": ""CPI"", ""weight"": 0.7283913775510205, ""dimensions"": ""[Cloth for Shirt, Pyjama, Kurta, Salwar, etc. (metre)]""}, {""ticker"": ""CPI"", ""weight"": 0.001766005102040816, ""dimensions"": ""[Cloth for Upholstery, Curtains, Tablecloth, etc. (metre)]""}, {""ticker"": ""CPI"", ""weight"": 0.04751534693877551, ""dimensions"": ""[Clothing (first-hand): Other]""}, {""ticker"": ""CPI"", ""weight"": 0.011095, ""dimensions"": ""[Clothing: Second-hand]""}, {""ticker"": ""CPI"", ""weight"": 0.0011084081632653062, ""dimensions"": ""[Club Fees]""}, {""ticker"": ""CPI"", ""weight"": 0.03703301020408163, ""dimensions"": ""[Coal]""}, {""ticker"": ""CPI"", ""weight"": 0.18235085204081633, ""dimensions"": ""[Coat, Jacket, Sweater, Windcheater (no.)]""}, {""ticker"": ""CPI"", ""weight"": 0.15317742857142858, ""dimensions"": ""[Coconut: Copra]""}, {""ticker"": ""CPI"", ""weight"": 0.4838052857142857, ""dimensions"": ""[Coconut (no.)]""}, {""ticker"": ""CPI"", ""weight"": 0.2022085102040816, ""dimensions"": ""[Coconut Oil]""}, {""ticker"": ""CPI"", ""weight"": 0.020750581632653062, ""dimensions"": ""[Coffee: Cups (no.)]""}, {""ticker"": ""CPI"", ""weight"": 0.07337500000000001, ""dimensions"": ""[Coffee: Powder (gm)]""}, {""ticker"": ""CPI"", ""weight"": 0.003939591836734694, ""dimensions"": ""[Coir, Rope, etc.]""}, {""ticker"": ""CPI"", ""weight"": 0.008195311224489795, ""dimensions"": ""[Coke]""}, {""ticker"": ""CPI"", ""weight"": 0.07332857142857142, ""dimensions"": ""[Cold Beverages: Bottled/canned (litre)]""}, {""ticker"": ""CPI"", ""weight"": 2.798324816326531, ""dimensions"": ""[Cooked Meals Purchased (no.)]""}, {""ticker"": ""CPI"", ""weight"": 1.2180063724489796, ""dimensions"": ""[Cooked Snacks Purchased [samosa, Puri, Paratha, Burger, Chowmein, Idli, Dosa, Vada, Chops, Pakoras, Pao Bhaji, Etc.]]""}, {""ticker"": ""CPI"", ""weight"": 0.37765835714285717, ""dimensions"": ""[Country Liquor (litre)]""}, {""ticker"": ""CPI"", ""weight"": 0.09268171428571428, ""dimensions"": ""[Curd]""}, {""ticker"": ""CPI"", ""weight"": 0.19975918367346937, ""dimensions"": ""[Curry Powder (gm)]""}, {""ticker"": ""CPI"", ""weight"": 0.05094445918367346, ""dimensions"": ""[Dates]""}, {""ticker"": ""CPI"", ""weight"": 0.35205089285714286, ""dimensions"": ""[Dhania (gm)]""}, {""ticker"": ""CPI"", ""weight"": 0.0782301530612245, ""dimensions"": ""[Dhoti (no.)]""}, {""ticker"": ""CPI"", ""weight"": 0.14278979591836735, ""dimensions"": ""[Diesel for Vehicle]""}, {""ticker"": ""CPI"", ""weight"": 0.0019638367346938774, ""dimensions"": ""[Diesel (litre) [excl. Conveyance]]""}, {""ticker"": ""CPI"", ""weight"": 0.8937376734693877, ""dimensions"": ""[Doctor’s/ Surgeon’s Fee-first Consultation (non-institutional)]""}, {""ticker"": ""CPI"", ""weight"": 0.6811845306122449, ""dimensions"": ""[Domestic Servant/cook]""}, {""ticker"": ""CPI"", ""weight"": 0.6983357142857143, ""dimensions"": ""[Dry Chillies (gm)]""}, {""ticker"": ""CPI"", ""weight"": 0.4230188571428572, ""dimensions"": ""[Dung Cake]""}, {""ticker"": ""CPI"", ""weight"": 0.0333190306122449, ""dimensions"": ""[Earthenware]""}, {""ticker"": ""CPI"", ""weight"": 0.43678517857142857, ""dimensions"": ""[Eggs (no.)]""}, {""ticker"": ""CPI"", ""weight"": 0.009257862244897958, ""dimensions"": ""[Electric Batteries]""}, {""ticker"": ""CPI"", ""weight"": 0.1357486530612245, ""dimensions"": ""[Electric Bulb, Tubelight]""}, {""ticker"": ""CPI"", ""weight"": 0.01147845918367347, ""dimensions"": ""[Electric Fan]""}, {""ticker"": ""CPI"", ""weight"": 0.0020075102040816328, ""dimensions"": ""[Electric Iron, Heater, Toaster, Oven & Other Electric Heating Appliances]""}, {""ticker"": ""CPI"", ""weight"": 1.9132840714285713, ""dimensions"": ""[Electricity (std. Unit)]""}, {""ticker"": ""CPI"", ""weight"": 0.00023475000000000001, ""dimensions"": ""[Family Planning Devices]""}, {""ticker"": ""CPI"", ""weight"": 1.9145934948979593, ""dimensions"": ""[Firewood and Chips]""}, {""ticker"": ""CPI"", ""weight"": 1.4436231071428574, ""dimensions"": ""[Fish, Prawn]""}, {""ticker"": ""CPI"", ""weight"": 0.10165792857142857, ""dimensions"": ""[Flower (fresh): All Purposes]""}, {""ticker"": ""CPI"", ""weight"": 0.4328746530612245, ""dimensions"": ""[Foreign/refined Liquor or Wine (litre)]""}, {""ticker"": ""CPI"", ""weight"": 0.15924391836734691, ""dimensions"": ""[Frocks, Skirts, etc. (no.)]""}, {""ticker"": ""CPI"", ""weight"": 0.04381904081632654, ""dimensions"": ""[Fruit Juice and Shake (litre)]""}, {""ticker"": ""CPI"", ""weight"": 0.1748479591836735, ""dimensions"": ""[Gamchha, Towel, Handkerchief (no.)]""}, {""ticker"": ""CPI"", ""weight"": 0.34345785714285715, ""dimensions"": ""[Garlic (gm)]""}, {""ticker"": ""CPI"", ""weight"": 0.4892160459183673, ""dimensions"": ""[Ghee]""}, {""ticker"": ""CPI"", ""weight"": 0.16359155102040815, ""dimensions"": ""[Ginger (gm)]""}, {""ticker"": ""CPI"", ""weight"": 0.0011666173469387757, ""dimensions"": ""[Glassware]""}, {""ticker"": ""CPI"", ""weight"": 1.039190724489796, ""dimensions"": ""[Goat Meat/mutton]""}, {""ticker"": ""CPI"", ""weight"": 1.8013182653061224, ""dimensions"": ""[Gold]""}, {""ticker"": ""CPI"", ""weight"": 0.0019404489795918367, ""dimensions"": ""[Goods for Recreation and Hobbies]""}, {""ticker"": ""CPI"", ""weight"": 0.22661251530612245, ""dimensions"": ""[Gourd, Pumpkin]""}, {""ticker"": ""CPI"", ""weight"": 0.023341234693877548, ""dimensions"": ""[Gram Products]""}, {""ticker"": ""CPI"", ""weight"": 0.17665438775510203, ""dimensions"": ""[Gram: Split]""}, {""ticker"": ""CPI"", ""weight"": 0.08870571428571429, ""dimensions"": ""[Gram: Whole]""}, {""ticker"": ""CPI"", ""weight"": 0.14995632653061225, ""dimensions"": ""[Grapes]""}, {""ticker"": ""CPI"", ""weight"": 0.30252112244897955, ""dimensions"": ""[Green Chillies]""}, {""ticker"": ""CPI"", ""weight"": 0.08027250000000001, ""dimensions"": ""[Green Coconut (no.)]""}, {""ticker"": ""CPI"", ""weight"": 0.3071629591836734, ""dimensions"": ""[Grinding Charges]""}, {""ticker"": ""CPI"", ""weight"": 0.24820601530612244, ""dimensions"": ""[Groundnut]""}, {""ticker"": ""CPI"", ""weight"": 0.2898155051020408, ""dimensions"": ""[Groundnut Oil]""}, {""ticker"": ""CPI"", ""weight"": 0.10879962244897959, ""dimensions"": ""[Guava]""}, {""ticker"": ""CPI"", ""weight"": 0.08946788775510203, ""dimensions"": ""[Gur]""}, {""ticker"": ""CPI"", ""weight"": 0.37804253061224485, ""dimensions"": ""[Hair Oil, Shampoo, Hair Cream]""}, {""ticker"": ""CPI"", ""weight"": 0.010930076530612244, ""dimensions"": ""[Headwear, Belts, Ties (no.)]""}, {""ticker"": ""CPI"", ""weight"": 0.0028529081632653057, ""dimensions"": ""[Honey]""}, {""ticker"": ""CPI"", ""weight"": 0.005901892857142857, ""dimensions"": ""[Hookah Tobacco (gm)]""}, {""ticker"": ""CPI"", ""weight"": 0.5201423367346939, ""dimensions"": ""[Hospital & Nursing Home Charges]""}, {""ticker"": ""CPI"", ""weight"": 0.008168285714285713, ""dimensions"": ""[Hotel Lodging Charges]""}, {""ticker"": ""CPI"", ""weight"": 8.962115173469387, ""dimensions"": ""[House Rent, Garage Rent]""}, {""ticker"": ""CPI"", ""weight"": 0.009422673469387756, ""dimensions"": ""[Ice-cream]""}, {""ticker"": ""CPI"", ""weight"": 0.17418428571428568, ""dimensions"": ""[Incense (agarbatti), Room Freshener]""}, {""ticker"": ""CPI"", ""weight"": 0.153943943877551, ""dimensions"": ""[Ingredients for Pan (gm)]""}, {""ticker"": ""CPI"", ""weight"": 0.058519040816326535, ""dimensions"": ""[Internet Expenses]""}, {""ticker"": ""CPI"", ""weight"": 0.03524081632653061, ""dimensions"": ""[Inverter]""}, {""ticker"": ""CPI"", ""weight"": 0.003343683673469388, ""dimensions"": ""[Jackfruit]""}, {""ticker"": ""CPI"", ""weight"": 0.4160322397959184, ""dimensions"": ""[Jeera (gm)]""}, {""ticker"": ""CPI"", ""weight"": 0.24988679591836735, ""dimensions"": ""[Jowar & its Products]""}, {""ticker"": ""CPI"", ""weight"": 0.27052408163265307, ""dimensions"": ""[Kerosene – Other Sources (litre)]""}, {""ticker"": ""CPI"", ""weight"": 0.5772680816326531, ""dimensions"": ""[Kerosene – PDS (litre)]""}, {""ticker"": ""CPI"", ""weight"": 0.012355632653061225, ""dimensions"": ""[Khesari]""}, {""ticker"": ""CPI"", ""weight"": 0.0002348112244897959, ""dimensions"": ""[Knitting Wool (gm)]""}, {""ticker"": ""CPI"", ""weight"": 0.21601125000000002, ""dimensions"": ""[Kurta-pajama Suits: Females (no.)]""}, {""ticker"": ""CPI"", ""weight"": 0.054538214285714294, ""dimensions"": ""[Kurta-pajama Suits: Males (no.)]""}, {""ticker"": ""CPI"", ""weight"": 0.24866582142857147, ""dimensions"": ""[Lady's Finger]""}, {""ticker"": ""CPI"", ""weight"": 0.10428336734693879, ""dimensions"": ""[Leaf Tobacco (gm)]""}, {""ticker"": ""CPI"", ""weight"": 0.1981447397959184, ""dimensions"": ""[Leather Boots, Shoes]""}, {""ticker"": ""CPI"", ""weight"": 0.17410033673469388, ""dimensions"": ""[Leather Sandals, Chappals, etc.]""}, {""ticker"": ""CPI"", ""weight"": 0.10196410714285715, ""dimensions"": ""[Lemon (no.)]""}, {""ticker"": ""CPI"", ""weight"": 0.0001816938775510204, ""dimensions"": ""[Lighter (bidi/ Cigarette/ Gas Stove)]""}, {""ticker"": ""CPI"", ""weight"": 0.001397142857142857, ""dimensions"": ""[Lock]""}, {""ticker"": ""CPI"", ""weight"": 1.2632419642857142, ""dimensions"": ""[LPG [excl. Conveyance]]""}, {""ticker"": ""CPI"", ""weight"": 0.042797724489795914, ""dimensions"": ""[Lubricants & Other Fuels for Vehicle]""}, {""ticker"": ""CPI"", ""weight"": 0.11305091326530613, ""dimensions"": ""[Lungi (no.)]""}, {""ticker"": ""CPI"", ""weight"": 0.032787142857142855, ""dimensions"": ""[Maida]""}, {""ticker"": ""CPI"", ""weight"": 0.06483150510204082, ""dimensions"": ""[Maize & Products]""}, {""ticker"": ""CPI"", ""weight"": 0.23898403571428575, ""dimensions"": ""[Mango]""}, {""ticker"": ""CPI"", ""weight"": 0.26420960204081634, ""dimensions"": ""[Masur]""}, {""ticker"": ""CPI"", ""weight"": 0.06230667857142857, ""dimensions"": ""[Matches (box)]""}, {""ticker"": ""CPI"", ""weight"": 4.134280408163265, ""dimensions"": ""[Medicine (non-institutional)]""}, {""ticker"": ""CPI"", ""weight"": 0.03847429591836735, ""dimensions"": ""[Milk: Condensed/ Powder]""}, {""ticker"": ""CPI"", ""weight"": 6.2583885, ""dimensions"": ""[Milk: Liquid (litre)]""}, {""ticker"": ""CPI"", ""weight"": 0.00974486224489796, ""dimensions"": ""[Mineral Water (litre)]""}, {""ticker"": ""CPI"", ""weight"": 0.08827135714285715, ""dimensions"": ""[Mobile Handset]""}, {""ticker"": ""CPI"", ""weight"": 0.7384633928571428, ""dimensions"": ""[Monthly Charges for Cable Tv Connection]""}, {""ticker"": ""CPI"", ""weight"": 0.03404713775510204, ""dimensions"": ""[Monthly Maintainance Charges]""}, {""ticker"": ""CPI"", ""weight"": 0.3106118163265307, ""dimensions"": ""[Moong]""}, {""ticker"": ""CPI"", ""weight"": 0.010519704081632653, ""dimensions"": ""[Mosquito Net (no.)]""}, {""ticker"": ""CPI"", ""weight"": 0.10058553061224491, ""dimensions"": ""[Mosquito Repellent, Insecticide, Acid etc.]""}, {""ticker"": ""CPI"", ""weight"": 0.4229154336734694, ""dimensions"": ""[Motor Car, Jeep]""}, {""ticker"": ""CPI"", ""weight"": 0.7987262755102041, ""dimensions"": ""[Motor Cycle, Scooter]""}, {""ticker"": ""CPI"", ""weight"": 0.10644235714285713, ""dimensions"": ""[Muri]""}, {""ticker"": ""CPI"", ""weight"": 1.2550255714285714, ""dimensions"": ""[Mustard Oil]""}, {""ticker"": ""CPI"", ""weight"": 0.18125747448979593, ""dimensions"": ""[Newspapers, Periodicals]""}, {""ticker"": ""CPI"", ""weight"": 0.09696485204081633, ""dimensions"": ""[Oilseeds (gm)]""}, {""ticker"": ""CPI"", ""weight"": 0.6785948214285715, ""dimensions"": ""[Onion]""}, {""ticker"": ""CPI"", ""weight"": 0.12307237755102042, ""dimensions"": ""[Orange, Mausami (no.)]""}, {""ticker"": ""CPI"", ""weight"": 0.07280131632653061, ""dimensions"": ""[Other Beverages: Cocoa, Chocolate, etc.]""}, {""ticker"": ""CPI"", ""weight"": 0.0010978571428571428, ""dimensions"": ""[Other Cereals]""}, {""ticker"": ""CPI"", ""weight"": 0.15656832653061223, ""dimensions"": ""[Other Consumer Services Excluding Conveyance]""}, {""ticker"": ""CPI"", ""weight"": 0.009794719387755101, ""dimensions"": ""[Other Conveyance Expenses]""}, {""ticker"": ""CPI"", ""weight"": 0.0038747499999999997, ""dimensions"": ""[Other Cooking/ Household Appliances]""}, {""ticker"": ""CPI"", ""weight"": 0.012438188775510204, ""dimensions"": ""[Other Crockery & Utensils]""}, {""ticker"": ""CPI"", ""weight"": 0.05383882653061225, ""dimensions"": ""[Other Dry Fruits]""}, {""ticker"": ""CPI"", ""weight"": 0.004126040816326531, ""dimensions"": ""[Other Durables (specify)….]""}, {""ticker"": ""CPI"", ""weight"": 0.036326, ""dimensions"": ""[Other Educational Expenses (incl. Fees for Enrollment in Web-based Training)]""}, {""ticker"": ""CPI"", ""weight"": 0.08325451020408163, ""dimensions"": ""[Other Entertainment]""}, {""ticker"": ""CPI"", ""weight"": 0.16147857142857144, ""dimensions"": ""[Other Footwear]""}, {""ticker"": ""CPI"", ""weight"": 0.13443557653061222, ""dimensions"": ""[Other Fresh Fruits]""}, {""ticker"": ""CPI"", ""weight"": 0.1677746530612245, ""dimensions"": ""[Other Fuel]""}, {""ticker"": ""CPI"", ""weight"": 0.022251607142857146, ""dimensions"": ""[Other Furniture & Fixtures (couch, Sofa, Etc.)]""}, {""ticker"": ""CPI"", ""weight"": 0.08001462755102041, ""dimensions"": ""[Other Intoxicants]""}, {""ticker"": ""CPI"", ""weight"": 0.07237051530612244, ""dimensions"": ""[Other Leather Footwear]""}, {""ticker"": ""CPI"", ""weight"": 0.09865067857142856, ""dimensions"": ""[Other Medical Expenses (non-institutional)]""}, {""ticker"": ""CPI"", ""weight"": 0.013594183673469387, ""dimensions"": ""[Other Metal Utensils]""}, {""ticker"": ""CPI"", ""weight"": 0.025886270408163266, ""dimensions"": ""[Other Milk Products]""}, {""ticker"": ""CPI"", ""weight"": 0.014269061224489796, ""dimensions"": ""[Other Nuts]""}, {""ticker"": ""CPI"", ""weight"": 0.014952454081632654, ""dimensions"": ""[Other Ornaments]""}, {""ticker"": ""CPI"", ""weight"": 0.06862448979591837, ""dimensions"": ""[Other Packaged Processed Food]""}, {""ticker"": ""CPI"", ""weight"": 0.18400757142857146, ""dimensions"": ""[Other Petty Articles]""}, {""ticker"": ""CPI"", ""weight"": 0.03123878571428571, ""dimensions"": ""[Other Pulse Products]""}, {""ticker"": ""CPI"", ""weight"": 0.08828272959183672, ""dimensions"": ""[Other Pulses]""}, {""ticker"": ""CPI"", ""weight"": 0.01806423469387755, ""dimensions"": ""[Other Rice Products]""}, {""ticker"": ""CPI"", ""weight"": 0.008516984693877551, ""dimensions"": ""[Others: Birds, Crab, Oyster, Tortoise, etc.]""}, {""ticker"": ""CPI"", ""weight"": 0.2692587857142857, ""dimensions"": ""[Other Tobacco Products]""}, {""ticker"": ""CPI"", ""weight"": 0.6155494285714286, ""dimensions"": ""[Other Vegetables]""}, {""ticker"": ""CPI"", ""weight"": 0.10050234183673469, ""dimensions"": ""[Other Washing Requisites]""}, {""ticker"": ""CPI"", ""weight"": 0.5398348826530612, ""dimensions"": ""[Palak/other Leafy Vegetables]""}, {""ticker"": ""CPI"", ""weight"": 0.18187875, ""dimensions"": ""[Pan: Finished (no.)]""}, {""ticker"": ""CPI"", ""weight"": 0.07352136734693879, ""dimensions"": ""[Pan: Leaf (no.)]""}, {""ticker"": ""CPI"", ""weight"": 0.4843009285714286, ""dimensions"": ""[Papad, Bhujia, Namkeen, Mixture, Chanachur]""}, {""ticker"": ""CPI"", ""weight"": 0.05150628571428572, ""dimensions"": ""[Papaya]""}, {""ticker"": ""CPI"", ""weight"": 0.07657394387755102, ""dimensions"": ""[Parwal/patal, Kundru]""}, {""ticker"": ""CPI"", ""weight"": 0.08869698979591836, ""dimensions"": ""[PC/ Laptop/ Other Peripherals Incl. Software]""}, {""ticker"": ""CPI"", ""weight"": 0.0008507755102040817, ""dimensions"": ""[Pears/nashpati]""}, {""ticker"": ""CPI"", ""weight"": 0.06483691836734692, ""dimensions"": ""[Peas (pulses)]""}, {""ticker"": ""CPI"", ""weight"": 0.14326897959183674, ""dimensions"": ""[Peas (vegetables)]""}, {""ticker"": ""CPI"", ""weight"": 1.5643530306122446, ""dimensions"": ""[Petrol for Vehicle]""}, {""ticker"": ""CPI"", ""weight"": 0.01748804081632653, ""dimensions"": ""[Photography]""}, {""ticker"": ""CPI"", ""weight"": 0.09609872448979591, ""dimensions"": ""[Pickles (gm)]""}, {""ticker"": ""CPI"", ""weight"": 0.04660556122448979, ""dimensions"": ""[Pillow, Quilt, Mattress (no.)]""}, {""ticker"": ""CPI"", ""weight"": 0.004394693877551021, ""dimensions"": ""[Pineapple (no.)]""}, {""ticker"": ""CPI"", ""weight"": 0.0038182346938775515, ""dimensions"": ""[Plugs, Switches & Other Electrical Fittings]""}, {""ticker"": ""CPI"", ""weight"": 0.06642936224489795, ""dimensions"": ""[Pork]""}, {""ticker"": ""CPI"", ""weight"": 0.0028804234693877552, ""dimensions"": ""[Porter Charges]""}, {""ticker"": ""CPI"", ""weight"": 0.9192741020408164, ""dimensions"": ""[Potato]""}, {""ticker"": ""CPI"", ""weight"": 0.4000615102040816, ""dimensions"": ""[Powder, Snow, Cream, Lotion and Perfume]""}, {""ticker"": ""CPI"", ""weight"": 0.5836996428571428, ""dimensions"": ""[Prepared Sweets, Cake, Pastry]""}, {""ticker"": ""CPI"", ""weight"": 0.0002208469387755102, ""dimensions"": ""[Pressure Cooker/ Pressure Pan]""}, {""ticker"": ""CPI"", ""weight"": 0.5395796428571429, ""dimensions"": ""[Private Tutor/ Coaching Centre]""}, {""ticker"": ""CPI"", ""weight"": 0.003189489795918367, ""dimensions"": ""[Radio, Tape Recorder, 2-in-1]""}, {""ticker"": ""CPI"", ""weight"": 0.11181881122448979, ""dimensions"": ""[Radish]""}, {""ticker"": ""CPI"", ""weight"": 0.061265785714285724, ""dimensions"": ""[Ragi & its Products]""}, {""ticker"": ""CPI"", ""weight"": 0.14484604591836736, ""dimensions"": ""[Railway Fare]""}, {""ticker"": ""CPI"", ""weight"": 0.049254612244897966, ""dimensions"": ""[Raisin, Kishmish, Monacca, etc.]""}, {""ticker"": ""CPI"", ""weight"": 1.1619048571428572, ""dimensions"": ""[Refined Oil [sunflower, Soyabean, Saffola, Etc.]]""}, {""ticker"": ""CPI"", ""weight"": 0.07141841326530612, ""dimensions"": ""[Refrigerator]""}, {""ticker"": ""CPI"", ""weight"": 0.34763017346938774, ""dimensions"": ""[Residential Building & Land (cost of Repairs Only)]""}, {""ticker"": ""CPI"", ""weight"": 4.411595790816326, ""dimensions"": ""[Rice – Other Sources]""}, {""ticker"": ""CPI"", ""weight"": 0.15386439795918366, ""dimensions"": ""[Rice – PDS]""}, {""ticker"": ""CPI"", ""weight"": 0.043903928571428566, ""dimensions"": ""[Rickshaw (hand Drawn & Cycle) Fare]""}, {""ticker"": ""CPI"", ""weight"": 0.30658114285714283, ""dimensions"": ""[Rubber / Pvc Footwear]""}, {""ticker"": ""CPI"", ""weight"": 0.06998816326530613, ""dimensions"": ""[Rug, Blanket (no.)]""}, {""ticker"": ""CPI"", ""weight"": 0.16915210714285714, ""dimensions"": ""[Salt]""}, {""ticker"": ""CPI"", ""weight"": 0.07828632653061225, ""dimensions"": ""[Sanitary Napkins]""}, {""ticker"": ""CPI"", ""weight"": 0.9213125204081634, ""dimensions"": ""[Saree (no.)]""}, {""ticker"": ""CPI"", ""weight"": 0.02084206632653061, ""dimensions"": ""[Sauce, Jam, Jelly (gm)]""}, {""ticker"": ""CPI"", ""weight"": 0.2731723163265306, ""dimensions"": ""[School Bus, Van, etc.]""}, {""ticker"": ""CPI"", ""weight"": 0.1634661224489796, ""dimensions"": ""[School/college Uniform: Boys]""}, {""ticker"": ""CPI"", ""weight"": 0.13074397959183673, ""dimensions"": ""[School/college Uniform: Girls]""}, {""ticker"": ""CPI"", ""weight"": 0.03148125, ""dimensions"": ""[Sewai, Noodles]""}, {""ticker"": ""CPI"", ""weight"": 0.0006706071428571427, ""dimensions"": ""[Sewing Machine]""}, {""ticker"": ""CPI"", ""weight"": 0.07993946938775509, ""dimensions"": ""[Shaving Blades, Shaving Stick, Razor]""}, {""ticker"": ""CPI"", ""weight"": 0.03735555102040816, ""dimensions"": ""[Shaving Cream, Aftershave Lotion]""}, {""ticker"": ""CPI"", ""weight"": 0.08595311224489795, ""dimensions"": ""[Shawl, Chaddar (no.)]""}, {""ticker"": ""CPI"", ""weight"": 0.5592347448979591, ""dimensions"": ""[Shirts, T-shirts (no.)]""}, {""ticker"": ""CPI"", ""weight"": 0.5318994642857143, ""dimensions"": ""[Shorts, Trousers, Bermudas (no.)]""}, {""ticker"": ""CPI"", ""weight"": 0.12138558673469389, ""dimensions"": ""[Silver]""}, {""ticker"": ""CPI"", ""weight"": 0.0002516326530612245, ""dimensions"": ""[Small Millets & their Products]""}, {""ticker"": ""CPI"", ""weight"": 0.0005457142857142857, ""dimensions"": ""[Snuff (gm)]""}, {""ticker"": ""CPI"", ""weight"": 0.05149178571428571, ""dimensions"": ""[Spectacles]""}, {""ticker"": ""CPI"", ""weight"": 0.11197110204081633, ""dimensions"": ""[Sports Goods, Toys, etc.]""}, {""ticker"": ""CPI"", ""weight"": 0.19787142857142853, ""dimensions"": ""[Stainless Steel Utensils]""}, {""ticker"": ""CPI"", ""weight"": 0.35612857142857146, ""dimensions"": ""[Stationery, Photocopying Charges]""}, {""ticker"": ""CPI"", ""weight"": 0.0006061683673469388, ""dimensions"": ""[Steamer, Boat Fare]""}, {""ticker"": ""CPI"", ""weight"": 9.454081632653063e-06, ""dimensions"": ""[Stove, Gas Burner]""}, {""ticker"": ""CPI"", ""weight"": 0.7515841683673471, ""dimensions"": ""[Sugar - Other Sources]""}, {""ticker"": ""CPI"", ""weight"": 0.07455150510204082, ""dimensions"": ""[Sugar - PDS]""}, {""ticker"": ""CPI"", ""weight"": 0.0014005357142857142, ""dimensions"": ""[Suitcase, Trunk, Box, Handbag and Other Travel Goods]""}, {""ticker"": ""CPI"", ""weight"": 0.09617756122448978, ""dimensions"": ""[Suji, Rawa]""}, {""ticker"": ""CPI"", ""weight"": 0.042681785714285714, ""dimensions"": ""[Sweeper]""}, {""ticker"": ""CPI"", ""weight"": 0.44914777040816334, ""dimensions"": ""[Tailor]""}, {""ticker"": ""CPI"", ""weight"": 0.17207584693877548, ""dimensions"": ""[Tamarind (gm)]""}, {""ticker"": ""CPI"", ""weight"": 0.5633213010204082, ""dimensions"": ""[Taxi, Auto-rickshaw Fare]""}, {""ticker"": ""CPI"", ""weight"": 0.7982908163265307, ""dimensions"": ""[Tea: Cups (no.)]""}, {""ticker"": ""CPI"", ""weight"": 0.9255475510204082, ""dimensions"": ""[Tea: Leaf (gm)]""}, {""ticker"": ""CPI"", ""weight"": 0.10403816326530611, ""dimensions"": ""[Telephone Charges: Landline*]""}, {""ticker"": ""CPI"", ""weight"": 1.6627507755102038, ""dimensions"": ""[Telephone Charges: Mobile]""}, {""ticker"": ""CPI"", ""weight"": 0.14017477040816329, ""dimensions"": ""[Television]""}, {""ticker"": ""CPI"", ""weight"": 0.0666801224489796, ""dimensions"": ""[Toddy (litre)]""}, {""ticker"": ""CPI"", ""weight"": 0.6316580612244898, ""dimensions"": ""[Toilet Soap]""}, {""ticker"": ""CPI"", ""weight"": 0.6684446530612245, ""dimensions"": ""[Tomato]""}, {""ticker"": ""CPI"", ""weight"": 0.32207992346938774, ""dimensions"": ""[Toothpaste, Toothbrush, Comb, etc.]""}, {""ticker"": ""CPI"", ""weight"": 0.03949854081632653, ""dimensions"": ""[Torch]""}, {""ticker"": ""CPI"", ""weight"": 3.0016450000000003, ""dimensions"": ""[Tuition and Other Fees (school, College, Etc.)]""}, {""ticker"": ""CPI"", ""weight"": 0.5486942142857143, ""dimensions"": ""[Turmeric (gm)]""}, {""ticker"": ""CPI"", ""weight"": 0.05692063775510204, ""dimensions"": ""[Tyres & Tubes]""}, {""ticker"": ""CPI"", ""weight"": 0.05849209183673469, ""dimensions"": ""[Umbrella, Raincoat]""}, {""ticker"": ""CPI"", ""weight"": 0.2778562397959184, ""dimensions"": ""[Urd]""}, {""ticker"": ""CPI"", ""weight"": 0.07704023979591837, ""dimensions"": ""[Vanaspati, Margarine]""}, {""ticker"": ""CPI"", ""weight"": 0.00331975, ""dimensions"": ""[Walnut]""}, {""ticker"": ""CPI"", ""weight"": 0.15445377551020406, ""dimensions"": ""[Washerman, Laundry, Ironing]""}, {""ticker"": ""CPI"", ""weight"": 0.02017410204081633, ""dimensions"": ""[Washing Machine]""}, {""ticker"": ""CPI"", ""weight"": 0.7640052244897959, ""dimensions"": ""[Washing Soap/soda/powder]""}, {""ticker"": ""CPI"", ""weight"": 0.10488315306122449, ""dimensions"": ""[Watch Man Charges (other Cons Taxes)]""}, {""ticker"": ""CPI"", ""weight"": 0.12472469387755102, ""dimensions"": ""[Water Charges]""}, {""ticker"": ""CPI"", ""weight"": 0.04213210204081633, ""dimensions"": ""[Watermelon]""}, {""ticker"": ""CPI"", ""weight"": 0.007195806122448979, ""dimensions"": ""[Water Purifier]""}, {""ticker"": ""CPI"", ""weight"": 2.7081418163265307, ""dimensions"": ""[Wheat/ Atta – Other Sources]""}, {""ticker"": ""CPI"", ""weight"": 0.09031633673469386, ""dimensions"": ""[Wheat/ Atta – PDS]""}, {""ticker"": ""CPI"", ""weight"": 0.4150166989795918, ""dimensions"": ""[X-ray, Ecg, Pathological Test, etc. (non-institutional)]""}, {""ticker"": ""CPI"", ""weight"": 0.04801927040816327, ""dimensions"": ""[Zarda, Kimam, Surti (gm)]""}]",2025-07-31,None,JSON,MacroSearchEngine,False,False,,[IN][CPI][Constituents][ByConsumptionItem],[ByConsumptionItem],"{""ByConsumptionItem"": ""BreakdownType""}",
